video_url,title,user_url,username,view_num,view_num_raw,created_at,created_at_raw,shortdesc,collected_at
https://www.youtube.com/watch?v=jukQob4SiT4&pp=ygUQY2xpbWF0ZSByZWZ1Z2Vlcw%3D%3D,"Climate Refugees Explained: Legal Gaps, Human Rights & ICJ’s 2025 Advisory Opinion",https://www.youtube.com/@GenevaCouncil,Geneva Council for Rights and Liberties,1100,1.1K views,2025-09-17 05:16:44.735862+00:00,8 months ago,"Climate -driven displacement is one of the fastest-growing human rights crises of our time. Rising sea levels, floods, droughts, and ...",2026-05-15 05:16:44.735862+00:00
https://www.youtube.com/watch?v=A3AuCQml7IQ&pp=ygUQY2xpbWF0ZSByZWZ1Z2Vlcw%3D%3D,Climate-change migrants: what can be done?,https://www.youtube.com/@TheEconomist,The Economist,179000,179K views,2023-05-16 05:16:44.738945+00:00,3 years ago,Climate change could force hundreds of millions to flee their homes in the coming years. What can countries do to prepare for this ...,2026-05-15 05:16:44.738945+00:00
https://www.youtube.com/watch?v=pO18pM9ZLj4&pp=ygUQY2xpbWF0ZSByZWZ1Z2Vlc9IHCQkECwGHKiGM7w%3D%3D,Climate migrants: who are they and where will they go?  | AFP,https://www.youtube.com/@AFP,AFP News Agency,29000,29K views,2022-05-16 05:16:44.741221+00:00,4 years ago,"From fleeing a typhoon to relocating in anticipation of sea level rise, climate migration covers a myriad of situations and raises a ...",2026-05-15 05:16:44.741221+00:00
https://www.youtube.com/watch?v=cl4Uv9_7KJE&t=258s&pp=ygUQY2xpbWF0ZSByZWZ1Z2Vlcw%3D%3D,Fleeing climate change — the real environmental disaster | DW Documentary,https://www.youtube.com/@DWDocumentary,DW Documentary,2200000,2.2M views,2019-05-17 05:16:44.745730+00:00,7 years ago,He's a real climate refugee . ______ DW Documentary gives you knowledge beyond the headlines. Watch high-class ...,2026-05-15 05:16:44.745730+00:00
https://www.youtube.com/watch?v=co5uywe-1Z8&pp=ygUQY2xpbWF0ZSByZWZ1Z2Vlcw%3D%3D,Climate refugees in Bangladesh | DW Documentary,https://www.youtube.com/@DWDocumentary,DW Documentary,791000,791K views,2019-05-17 05:16:44.749405+00:00,7 years ago,"Within the next 30 years, up to 20% of Bangladesh will disappear beneath the water as rivers and sea levels rise. This will put as ...",2026-05-15 05:16:44.749405+00:00
https://www.youtube.com/watch?v=nIlMHFwC1MM&pp=ygUQY2xpbWF0ZSByZWZ1Z2Vlc9IHCQkECwGHKiGM7w%3D%3D,Refugees Are Fleeing Climate Change,https://www.youtube.com/@Years,The YEARS Project,32000,32K views,2020-05-16 05:16:50.726547+00:00,6 years ago,Tens of millions of people could be displaced by climate change by the end of this century. Climate scientist Michael ...,2026-05-15 05:16:50.726547+00:00
https://www.youtube.com/watch?v=S4hjErpz6_c&pp=ygUQY2xpbWF0ZSByZWZ1Z2Vlcw%3D%3D,How climate change is creating refugees across the world,https://www.youtube.com/@CBSNews,CBS News,13000,13K views,2025-05-15 05:16:50.727325+00:00,1 year ago,Devastating flooding in Brazil has forced hundreds of thousands of people from their homes for good. Scientists say ...,2026-05-15 05:16:50.727325+00:00
https://www.youtube.com/watch?v=4MXoUbsswHY&pp=ygUQY2xpbWF0ZSByZWZ1Z2Vlcw%3D%3D,Climate Refugees: Nations under threat,https://www.youtube.com/@CBSNews,CBS News,51000,51K views,2018-05-17 05:16:50.728052+00:00,8 years ago,The people who contribute the least to climate change are the ones who'll feel its impact the most. Seth Doane goes to Kiribati for ...,2026-05-15 05:16:50.728052+00:00
https://www.youtube.com/watch?v=0nRTxwaZ5nE&pp=ygUQY2xpbWF0ZSByZWZ1Z2Vlcw%3D%3D,Who are Climate Refugees?,https://www.youtube.com/@SunhakPeacePrize,Sunhak Peace Prize,2400,2.4K views,2024-05-15 05:16:50.729143+00:00,2 years ago,Climate refugees are individuals who are forced to flee their homes and communities due to the adverse impacts of climate ...,2026-05-15 05:16:50.729143+00:00
https://www.youtube.com/watch?v=QOVCZr9Umpw&pp=ygUQY2xpbWF0ZSByZWZ1Z2Vlc9IHCQkECwGHKiGM7w%3D%3D,Climate Refugees: Should You Use the Term?,https://www.youtube.com/@MelissaSiegelMigration,Melissa Siegel,2800,2.8K views,2023-05-16 05:16:50.731322+00:00,3 years ago,Climate Refugees !! It is probably a term you have heard before and maybe you have even used it. But should we actually be using ...,2026-05-15 05:16:50.731322+00:00
https://www.youtube.com/watch?v=b6QEDbI5zrg&pp=ygUQY2xpbWF0ZSByZWZ1Z2Vlcw%3D%3D,The World's First Climate Refugees,https://www.youtube.com/@Seeker,Seeker,103000,103K views,2016-05-17 05:16:50.732142+00:00,10 years ago,"These people are refugees , but they're not running from war or an oppressive government; they're seeking asylum from climate ...",2026-05-15 05:16:50.732142+00:00
https://www.youtube.com/watch?v=m4DlqdJRq40&pp=ygUQY2xpbWF0ZSByZWZ1Z2Vlcw%3D%3D,No place like home--finding justice for climate refugees: Stephan Jermendy at TEDxCourtauldInstitute,https://www.youtube.com/@TEDx,TEDx Talks,6500,6.5K views,2014-05-18 05:16:50.735336+00:00,12 years ago,Stephan Jermendy is part of the campaigns team at the Environmental Justice Foundation (EJF). EJF works to protect the ...,2026-05-15 05:16:50.735336+00:00
https://www.youtube.com/watch?v=SByFy9R6320&pp=ygUQY2xpbWF0ZSByZWZ1Z2Vlcw%3D%3D,Climate refugees: The quest for a haven from extreme weather events,https://www.youtube.com/@CBSSundayMorning,CBS Sunday Morning,95000,95K views,2021-05-16 05:16:50.736609+00:00,5 years ago,"People who are driven from their homes by wildfires, floods and hurricanes are seeking areas less ravaged by our worsening ...",2026-05-15 05:16:50.736609+00:00
https://www.youtube.com/watch?v=YPLznGh83FQ&pp=ygUQY2xpbWF0ZSByZWZ1Z2Vlcw%3D%3D,The concept of 'climate refugee': Towards a possible definition [Policy Podcast],https://www.youtube.com/@EuroparlResearchService,European Parliamentary Research Service,451,451 views,2022-05-16 05:16:50.737612+00:00,4 years ago,"According to statistics since 2008 over 318 million people around the world have been forcibly displaced by floods, windstorms, ...",2026-05-15 05:16:50.737612+00:00
https://www.youtube.com/watch?v=c0r5YWQIKD0&pp=ygUQY2xpbWF0ZSByZWZ1Z2Vlcw%3D%3D,Climate Refugee: A new term to be identified,https://www.youtube.com/@trtworld,TRT World,8600,8.6K views,2020-05-16 05:16:50.738345+00:00,6 years ago,"When we think of refugees , we generally think of war and violence forcing people to flee their home countries. But in the years to ...",2026-05-15 05:16:50.738345+00:00
https://www.youtube.com/watch?v=m0xD4lg2Vmg&pp=ygUQY2xpbWF0ZSByZWZ1Z2Vlcw%3D%3D,Sundarbans: The Next Climate Refugees,https://www.youtube.com/@TheAtlantic,The Atlantic,59000,59K views,2020-05-16 05:16:50.739017+00:00,6 years ago,"We were so terrified with the water coming into the house and the sound of the storm. In front of my eyes, the walls of our house ...",2026-05-15 05:16:50.739017+00:00
https://www.youtube.com/watch?v=0uCyN_CP55k&pp=ygUQY2xpbWF0ZSByZWZ1Z2Vlcw%3D%3D,Understanding the Impact of Climate Change on Refugees,https://www.youtube.com/@australiaforunhcr,Australia for UNHCR,533,533 views,2025-05-15 05:16:50.739858+00:00,1 year ago,"Join us as we explore the impact of climate change on refugees , uncovering how environmental changes force people to flee their ...",2026-05-15 05:16:50.739858+00:00
https://www.youtube.com/watch?v=28MH3jZlucc&pp=ygUQY2xpbWF0ZSByZWZ1Z2Vlcw%3D%3D,Climate Refugees Trailer,https://www.youtube.com/@Fuelthefilm,michael nash,53000,53K views,2011-05-19 05:16:50.740589+00:00,15 years ago,Trailer for the multi-award winning documentary Climate Refugees . The film was the first to illuminate the human face of climate ...,2026-05-15 05:16:50.740589+00:00
https://www.youtube.com/watch?v=dFn0cxXe6EI&pp=ygUQY2xpbWF0ZSByZWZ1Z2Vlc9IHCQkECwGHKiGM7w%3D%3D,The Unseen Climate-Refugee Crisis In Bangladesh #geography #climatechange #refugees #news #travel,https://www.youtube.com/@geographyinsider,Geography Insider,6300,6.3K views,2024-05-15 05:16:50.743370+00:00,2 years ago,Climate change is forcing millions of people to flee their homes in Bangladesh. Discuss with @geographyinsider how this urgent ...,2026-05-15 05:16:50.743370+00:00
https://www.youtube.com/watch?v=ggV9Xfodl08&pp=ygUQY2xpbWF0ZSByZWZ1Z2Vlcw%3D%3D,Tuvalu’s First Climate Migrants Arrive in Australia | World's First Climate Migration Treaty,https://www.youtube.com/@D2E,Down To Earth,59000,59K views,2025-12-16 05:16:50.744214+00:00,5 months ago,The smallest nations — those least responsible for the climate crisis — continue to bear its heaviest costs. This injustice is stark in ...,2026-05-15 05:16:50.744214+00:00
https://www.youtube.com/watch?v=2njn71TqkjA&pp=ygUQY2xpbWF0ZSByZWZ1Z2Vlcw%3D%3D,What Earth in 2050 could look like - Shannon Odell,https://www.youtube.com/@TEDEd,TED-Ed,1300000,1.3M views,2024-05-15 05:16:50.745031+00:00,2 years ago,What could our future world look like if we continue to do nothing about climate change? Take a look at the possibilities. -- While ...,2026-05-15 05:16:50.745031+00:00
https://www.youtube.com/watch?v=46yvAKge3qQ&pp=ygUQY2xpbWF0ZSByZWZ1Z2Vlcw%3D%3D,The world's first climate change refugees,https://www.youtube.com/@CBSNews,CBS News,59000,59K views,2018-05-17 05:16:50.745772+00:00,8 years ago,"The people of Kiribati, a remote Pacific island nation, are among the first people in the world to be displaced by climate change ...",2026-05-15 05:16:50.745772+00:00
https://www.youtube.com/watch?v=_GyUGU5V4ig&pp=ygUQY2xpbWF0ZSByZWZ1Z2Vlcw%3D%3D,Canada could be safe haven for climate refugees,https://www.youtube.com/@CBCNews,CBC News,10000,10K views,2020-05-16 05:16:50.747032+00:00,6 years ago,"With the changing climate , there will be areas in Canada, previously considered unlivable, that may become more temperate.",2026-05-15 05:16:50.747032+00:00
https://www.youtube.com/watch?v=Bk3niBLtZy8&pp=ygUQY2xpbWF0ZSByZWZ1Z2Vlc9IHCQkECwGHKiGM7w%3D%3D,The U.S. Is Failing Domestic Climate Refugees | Need To Know,https://www.youtube.com/@MTVImpact,MTV Impact,560,560 views,2022-05-16 05:16:50.747790+00:00,4 years ago,"As firefighters battle the ongoing California wildfires, the government continues to fail the state's climate refugees . MTV News ...",2026-05-15 05:16:50.747790+00:00
https://www.youtube.com/watch?v=N-ATIvJ2xz4&pp=ygUQY2xpbWF0ZSByZWZ1Z2Vlcw%3D%3D,Climate Migrants: Climate Change and it's Consequences,https://www.youtube.com/@i24NEWS_EN,i24NEWS English,1100,1.1K views,2020-05-16 05:16:50.748461+00:00,6 years ago,Articles: https://www.i24news.tv/en Live: https://video.i24news.tv/page/live?clip=5a94117623eec6000c557fec Replay: ...,2026-05-15 05:16:50.748461+00:00
https://www.youtube.com/watch?v=9bcf21OwLN0&pp=ygUQY2xpbWF0ZSByZWZ1Z2Vlcw%3D%3D,Climate Refugees: How Rising Seas Are Displacing Millions@sustainablyaware#climatecrisis,https://www.youtube.com/@sustainablyaware,SustainablyAware,3000,3K views,2025-05-15 05:16:50.749131+00:00,1 year ago,"Climate Refugees : The Human Impact of Rising Seas As sea levels rise and coastlines disappear, millions of people are being ...",2026-05-15 05:16:50.749131+00:00
https://www.youtube.com/watch?v=Tg7lHKT7yME&pp=ygUQY2xpbWF0ZSByZWZ1Z2Vlcw%3D%3D,How El Salvador Is Creating Climate Refugees | AJ+,https://www.youtube.com/@ajplus,AJ+,26000,26K views,2019-05-17 05:16:50.751653+00:00,7 years ago,Water scarcity is threatening people's livelihoods in El Salvador. 95% of the surface water is undrinkable. Droughts and attempts ...,2026-05-15 05:16:50.751653+00:00
https://www.youtube.com/watch?v=jdgT9tvJPQk&pp=ygUQY2xpbWF0ZSByZWZ1Z2Vlcw%3D%3D,Bangladesh's Climate Refugees: Can They Fight The Rising Sea? | Insight | Climate Change In Asia,https://www.youtube.com/@CNAInsider,CNA Insider,37000,37K views,2022-05-16 05:16:50.752442+00:00,4 years ago,"Over the last decade, nearly 700000 Bangladeshis were displaced each year by natural disasters. During the rainy season, more ...",2026-05-15 05:16:50.752442+00:00
https://www.youtube.com/watch?v=ugPJi8kMK8Q&pp=ygUQY2xpbWF0ZSByZWZ1Z2Vlcw%3D%3D,Migrants | Award-Winning CG Animated Short Film about Climate change,https://www.youtube.com/@shortoftheweek,Short of the Week,2200000,2.2M views,2022-05-16 05:16:50.753274+00:00,4 years ago,Two polar bears are driven into exile from climate change. ▶️ WATCH SHORT FILMS ➔ https://shortverse.com JOIN ...,2026-05-15 05:16:50.753274+00:00
https://www.youtube.com/watch?v=pjC50quEO2s&pp=ygUQY2xpbWF0ZSByZWZ1Z2Vlcw%3D%3D,Climate refugees?,https://www.youtube.com/@icldsweden,ICLD Sweden,6800,6.8K views,2019-05-17 05:16:50.754354+00:00,7 years ago,"In April 2015, a boat sank on its way to Libya to Italy. 700 people died that day, many of them from the rural Sub-Saharan.",2026-05-15 05:16:50.754354+00:00
https://www.youtube.com/watch?v=4p5ThZs3uWw&pp=ygUQY2xpbWF0ZSByZWZ1Z2Vlcw%3D%3D,Climate Refugees - SOME MORE NEWS,https://www.youtube.com/@SMN,Some More News,238000,238K views,2020-05-16 05:16:50.755104+00:00,6 years ago,"In today's episode, we discuss an oft-ignored effect of climate change: already vulnerable people not having food, water, and ...",2026-05-15 05:16:50.755104+00:00
https://www.youtube.com/watch?v=AtLhWcjobCo&pp=ygUQY2xpbWF0ZSByZWZ1Z2Vlcw%3D%3D,COP30: UN urges protection for climate migrants,https://www.youtube.com/@africanews,africanews,172,172 views,2025-12-16 05:16:50.755851+00:00,5 months ago,COP30: UN urges protection for climate migrants The International Organization for Migration (IOM) is calling on global leaders to ...,2026-05-15 05:16:50.755851+00:00
https://www.youtube.com/watch?v=APo3tpf5yF0&pp=ygUQY2xpbWF0ZSByZWZ1Z2Vlcw%3D%3D,"Climate Refugees and the Challenge of Statehood: Defining the Problem, Identifying Solutions",https://www.youtube.com/@yale,Yale University,3900,3.9K views,2014-05-18 05:16:50.757905+00:00,12 years ago,"Professor Burkett, inaugural director of the Center for Island Climate Adaptation and Policy (ICAP), discusses possible new ...",2026-05-15 05:16:50.757905+00:00
https://www.youtube.com/watch?v=E3cdG9NdMN0&pp=ygUQY2xpbWF0ZSByZWZ1Z2Vlcw%3D%3D,Bullfrog Films presents...Climate Refugees: A Global Challenge,https://www.youtube.com/@bullfrogfilms,Bullfrog Films,97,97 views,2026-02-14 05:16:50.758740+00:00,3 months ago,CLIMATE REFUGEES : A Global Challenge Directed by François-Xavier Trégan Available for educational use: ...,2026-05-15 05:16:50.758740+00:00
https://www.youtube.com/watch?v=iS0dJ0divP8&pp=ygUQY2xpbWF0ZSByZWZ1Z2Vlcw%3D%3D,How do you flee climate change?,https://www.youtube.com/@UNHCR,"UNHCR, the UN Refugee Agency",4800,4.8K views,2024-05-15 05:16:50.759557+00:00,2 years ago,How do you flee climate change? Where do you run when the whole planet is impacted? How do you flee something that is ...,2026-05-15 05:16:50.759557+00:00
https://www.youtube.com/watch?v=V6nAWYdBvBw&pp=ygUQY2xpbWF0ZSByZWZ1Z2Vlcw%3D%3D,‘A human catastrophe’: The UK’s first climate refugees refuse to leave,https://www.youtube.com/@euronews,euronews,1100,1.1K views,2022-05-16 05:16:55.667859+00:00,4 years ago,"By 2054, this tiny Welsh village will be lost to the sea READ MORE ...",2026-05-15 05:16:55.667859+00:00
https://www.youtube.com/watch?v=4AiRfzdV3Xc&pp=ygUQY2xpbWF0ZSByZWZ1Z2Vlcw%3D%3D,Syria Climate Refugees,https://www.youtube.com/@scientificamerican,Scientific American,3100,3.1K views,2016-05-17 05:16:55.668729+00:00,10 years ago,"When drought and poor agricultural policies displaced rural Syrians from their land, they flocked to cities and eventually to other ...",2026-05-15 05:16:55.668729+00:00
https://www.youtube.com/watch?v=AbMlhYfITY0&pp=ygUQY2xpbWF0ZSByZWZ1Z2Vlcw%3D%3D,Residents of Welsh coastal village could become Britain's first climate refugees,https://www.youtube.com/@euronews,euronews,2900,2.9K views,2020-05-16 05:16:55.674596+00:00,6 years ago,"An official report suggested Fairbourne, in northern Wales, should be decommissioned by 2045 as it is being threatened by rising ...",2026-05-15 05:16:55.674596+00:00
https://www.youtube.com/watch?v=uNPZploM7aY&pp=ygUQY2xpbWF0ZSByZWZ1Z2Vlcw%3D%3D,Climate refugees,https://www.youtube.com/@nbcpng9354,NBC PNG,73,73 views,2018-05-17 05:16:55.675627+00:00,8 years ago,The Catholic Bishops Conference in the Oceania Region is calling on the Governments to have in place to cater for the climate ...,2026-05-15 05:16:55.675627+00:00
https://www.youtube.com/watch?v=6GjH_vAaL7c&pp=ygUQY2xpbWF0ZSByZWZ1Z2Vlcw%3D%3D,Climate Refugees From The Pacific Islands |  Q&A,https://www.youtube.com/@qanda,abcqanda,1500,1.5K views,2020-05-16 05:16:55.677096+00:00,6 years ago,Peni Hausia Havea asked: We in the Pacific are facing the prospect of forced relocations of villages and homes and even ...,2026-05-15 05:16:55.677096+00:00
https://www.youtube.com/watch?v=CgRa4kItZzk&pp=ygUQY2xpbWF0ZSByZWZ1Z2Vlcw%3D%3D,How can a climate refugee be considered a refugee under the UN Convention on Refugees,https://www.youtube.com/@StockholmUniversity,Stockholm University,347,347 views,2022-05-16 05:16:55.677972+00:00,4 years ago,"Because of the consequences of climate change many people are forced to leave their home. In the Pacific region, there are ...",2026-05-15 05:16:55.677972+00:00
https://www.youtube.com/watch?v=vNau0YGcKig&pp=ygUQY2xpbWF0ZSByZWZ1Z2Vlcw%3D%3D,Climate Refugees: The Climate Crisis and Rights Denied,https://www.youtube.com/@OtheringAndBelonging,Othering & Belonging Institute,3300,3.3K views,2020-05-16 05:16:55.678855+00:00,6 years ago,Check out our new report calling for rights and protections for climate refugees at https://belonging.berkeley.edu/ climaterefugees .,2026-05-15 05:16:55.678855+00:00
https://www.youtube.com/watch?v=TicvZPYuFfg&pp=ygUQY2xpbWF0ZSByZWZ1Z2Vlcw%3D%3D,These Americans may become 'climate refugees',https://www.youtube.com/@CNN,CNN,16000,16K views,2017-05-17 05:16:55.679692+00:00,9 years ago,"Climate change has forced Shishmaref, Alaska residents to confront the prospect that they may have to relocate their entire village ...",2026-05-15 05:16:55.679692+00:00
https://www.youtube.com/watch?v=mZu_EsEn89c&pp=ygUQY2xpbWF0ZSByZWZ1Z2Vlcw%3D%3D,Providing Refuge for Climate Refugees in International Law,https://www.youtube.com/@g20interfaith89,G20 Interfaith,345,345 views,2024-05-15 05:16:55.680600+00:00,Streamed 2 years ago,"For more information on this event visit: https://www.g20interfaith.org/refuge- climate - refugees / Join us as experts from political, ...",2026-05-15 05:16:55.680600+00:00
https://www.youtube.com/watch?v=jK5Tzi4HUtU&pp=ygUQY2xpbWF0ZSByZWZ1Z2Vlcw%3D%3D,Climate Refugees – The Human Cost of a Warming World,https://www.youtube.com/@CuriosityAtlasTV,Curiosity Atlas,87,87 views,2025-09-17 05:16:55.681292+00:00,8 months ago,"Climate change is the defining challenge of our age. While graphs, reports, and scientific data capture the scale of the crisis, the ...",2026-05-15 05:16:55.681292+00:00
https://www.youtube.com/watch?v=ZKYb8g6A70E&pp=ygUQY2xpbWF0ZSByZWZ1Z2Vlc9IHCQkECwGHKiGM7w%3D%3D,Australia to offer residency visas for climate refugees from Tuvalu,https://www.youtube.com/@NewslineWorldph,Newsline World,42,42 views,2024-05-15 05:16:55.681918+00:00,2 years ago,Australia signed a bilateral agreement that will allow all residents from Tuvalu to live in the country if the neighboring Pacific ...,2026-05-15 05:16:55.681918+00:00
https://www.youtube.com/watch?v=rFdkrgj0NG0&pp=ygUQY2xpbWF0ZSByZWZ1Z2Vlcw%3D%3D,Climate Refugees Seek Shelter in a Mountain Refuge | Our Frozen Planet | BBC Earth,https://www.youtube.com/@bbcearth,BBC Earth,58000,58K views,2023-05-16 05:16:55.682660+00:00,3 years ago,There could be more than 1 billion climate refugees by 2050. The Appalachian Mountains promise a safe haven for America's ...,2026-05-15 05:16:55.682660+00:00
https://www.youtube.com/watch?v=y0S8Jz5SYt8&pp=ygUQY2xpbWF0ZSByZWZ1Z2Vlc9IHCQkECwGHKiGM7w%3D%3D,Legal Protection for Climate Migrants,https://www.youtube.com/@campaignforclimatemigrants3760,Campaign for Climate Migrants,241,241 views,2022-05-16 05:16:55.683351+00:00,4 years ago,Narration by Caroline Mirza This video was brought to you by the Campaign for Climate Migrants . CCM is a student-led campaign ...,2026-05-15 05:16:55.683351+00:00
https://www.youtube.com/watch?v=fHqRnz2TIzs&pp=ygUQY2xpbWF0ZSByZWZ1Z2Vlcw%3D%3D,Nowhere to Run: Kenya's Climate Refugees,https://www.youtube.com/@AfUncensored,Africa Uncensored,161000,161K views,2023-05-16 05:16:55.683999+00:00,3 years ago,"Imagine being displaced from the place you've known as your home not by anyone, but by factors beyond you. You move to a ...",2026-05-15 05:16:55.683999+00:00
https://www.youtube.com/watch?v=h9FGe1sPB6Q&pp=ygUQY2xpbWF0ZSByZWZ1Z2Vlcw%3D%3D,Bangladesh: climate refugees already a reality - COP21,https://www.youtube.com/@France24_en,FRANCE 24 English,10000,10K views,2016-05-17 05:16:55.685056+00:00,10 years ago,Subscribe to France 24 now: http://f24.my/youtubeEN FRANCE 24 live news stream: all the latest news 24/7 http://f24.my/YTliveEN ...,2026-05-15 05:16:55.685056+00:00
https://www.youtube.com/watch?v=MXCpPI3-Vrw&pp=ygUQY2xpbWF0ZSByZWZ1Z2Vlcw%3D%3D,Kiribati’s Human Rights Under UN Review | 49th UPR Session | Climate Refugees & Statelessness Crisis,https://www.youtube.com/@GenevaCouncil,Geneva Council for Rights and Liberties,25,25 views,2025-06-19 05:16:55.685773+00:00,11 months ago,"Kiribati's human rights record is under the spotlight! On April 28, 2025, the 49th Session of the United Nations Human Rights ...",2026-05-15 05:16:55.685773+00:00
https://www.youtube.com/watch?v=2zppg_jDw_0&pp=ygUQY2xpbWF0ZSByZWZ1Z2Vlcw%3D%3D,Climate Refugees Trailer,https://www.youtube.com/@Fuelthefilm,michael nash,257,257 views,2024-05-15 05:17:01.129433+00:00,2 years ago,""" Climate Refugees "" unveils for the first time the human face of climate change, following the stories of millions of displaced ...",2026-05-15 05:17:01.129433+00:00
https://www.youtube.com/watch?v=Xz1T_BwWt1Y&pp=ygUQY2xpbWF0ZSByZWZ1Z2Vlcw%3D%3D,BEYOND THE BELTWAY: Louisiana isle home to the first US climate refugees,https://www.youtube.com/@cgtnamerica,CGTN America,554,554 views,2018-05-17 05:17:01.130368+00:00,8 years ago,How will U.S. President Trump's decision to pull out of the Paris Climate Accord affect the world and the people in his own country ...,2026-05-15 05:17:01.130368+00:00
https://www.youtube.com/watch?v=VcGdoyZOXk4&pp=ygUQY2xpbWF0ZSByZWZ1Z2Vlcw%3D%3D,Climate Refugees.mov,https://www.youtube.com/@filmindependent,Film Independent,162,162 views,2011-05-19 05:17:01.131163+00:00,15 years ago,,2026-05-15 05:17:01.131163+00:00
https://www.youtube.com/watch?v=jWcaR8s9utU&pp=ygUQY2xpbWF0ZSByZWZ1Z2Vlcw%3D%3D,Selina Leem: Why we're at risk of becoming climate refugees | #skollwf 2016,https://www.youtube.com/@skollfoundation,Skoll.org,50000,50K views,2016-05-17 05:17:01.132840+00:00,10 years ago,"""Scientists have predicted that soon, my home will be uninhabitable,"" Selina Leem, a citizen of the Marshall Islands, said April 13, ...",2026-05-15 05:17:01.132840+00:00
https://www.youtube.com/watch?v=_rrTaNaZca4&pp=ygUQY2xpbWF0ZSByZWZ1Z2Vlcw%3D%3D,"Protect climate ""refugees"" | Climate & Consequence - Ian Fry",https://www.youtube.com/@UNGenevaChannel,UN Geneva,156,156 views,2024-05-15 05:17:01.137238+00:00,2 years ago,Millions of people are displaced across borders by climate change. But they are not recognized as refugees . The UN Special ...,2026-05-15 05:17:01.137238+00:00
https://www.youtube.com/watch?v=aezh-sBTNSI&pp=ygUQY2xpbWF0ZSByZWZ1Z2Vlcw%3D%3D,Climate Refugees: Children Displaced by Disaster,https://www.youtube.com/@PositiveParentingNewsfeed,Positive Parenting Newsfeed,82,82 views,2025-05-15 05:17:01.137966+00:00,1 year ago,Please email PositiveParenting@childtrends.org if you have any questions.,2026-05-15 05:17:01.137966+00:00
https://www.youtube.com/watch?v=dk2vCM28JjI&pp=ygUQY2xpbWF0ZSByZWZ1Z2Vlcw%3D%3D,Trump Would Reject Climate Refugees (That He Creates),https://www.youtube.com/@thedavidpakmanshow,David Pakman Show,9600,9.6K views,2020-05-16 05:17:01.142570+00:00,6 years ago,Caller thinks about how President Trump would respond to a climate refugee crisis -Become a Member: ...,2026-05-15 05:17:01.142570+00:00
https://www.youtube.com/watch?v=lsdliDfXg1g&pp=ygUQY2xpbWF0ZSByZWZ1Z2Vlcw%3D%3D,Govt. Issues Climate Refugees Warning In Maldives,https://www.youtube.com/@SEATodayNews,SEA Today News,138,138 views,2023-05-16 05:17:01.147440+00:00,3 years ago,"Seorang menteri senior pemerintahan Maladewa memperingatkan bahwa jika tidak ada tindakan yang diambil sekarang, negara ...",2026-05-15 05:17:01.147440+00:00
https://www.youtube.com/watch?v=tEluySHqyfQ&pp=ygUQY2xpbWF0ZSByZWZ1Z2Vlcw%3D%3D,Climate refugees in Western New York,https://www.youtube.com/@WGRZTVNews,WGRZ-TV,470,470 views,2020-05-16 05:17:01.148367+00:00,6 years ago,"Tonight in part two of our special series on the earth's warming, we look at how this region may actually benefit from ""bigger"" ...",2026-05-15 05:17:01.148367+00:00
https://www.youtube.com/watch?v=HafkCVinWmI&pp=ygUQY2xpbWF0ZSByZWZ1Z2Vlcw%3D%3D,Climate refugee crisis: Many Africans displaced due to El-Nino,https://www.youtube.com/@ktnnews_kenya,KTN News Kenya,314,314 views,2024-05-15 05:17:01.149142+00:00,2 years ago,KTN NEWS KENYA LIVE #LiveStream #LiveNews #KTNNews #KTNPrime Kenya's number one 24/7 news channel. KTN News ...,2026-05-15 05:17:01.149142+00:00
https://www.youtube.com/watch?v=iS0dJ0divP8&pp=ygUQY2xpbWF0ZSByZWZ1Z2Vlc9IHCQkECwGHKiGM7w%3D%3D,How do you flee climate change?,https://www.youtube.com/@UNHCR,"UNHCR, the UN Refugee Agency",4800,4.8K views,2024-05-15 05:17:01.149968+00:00,2 years ago,How do you flee climate change? Where do you run when the whole planet is impacted? How do you flee something that is ...,2026-05-15 05:17:01.149968+00:00
https://www.youtube.com/watch?v=UZFFgVsCdlo&pp=ygUQY2xpbWF0ZSByZWZ1Z2Vlcw%3D%3D,Climate Migrants: Where Will They Go?,https://www.youtube.com/@RoundtableTRTWorld,Roundtable,3100,3.1K views,2019-05-17 05:17:01.151688+00:00,7 years ago,Last week US President Donald Trump dismissed a study by his own administration on the potential catastrophic impact of climate ...,2026-05-15 05:17:01.151688+00:00
https://www.youtube.com/watch?v=KsgbGJH2WSY&pp=ygUQY2xpbWF0ZSByZWZ1Z2Vlcw%3D%3D,How Climate Change Is Driving Global Immigration: The Rise of Climate Refugees #immigrationquestions,https://www.youtube.com/@ImmigrationQuestionUS,Immigration Question US,87,87 views,2025-05-15 05:17:01.152495+00:00,1 year ago,Climate change is more than an environmental issue—it's becoming a powerful force behind global migration. As extreme ...,2026-05-15 05:17:01.152495+00:00
https://www.youtube.com/watch?v=kgzHejXvYHE&pp=ygUQY2xpbWF0ZSByZWZ1Z2Vlcw%3D%3D,Bangladesh launches world's largest 'climate refugee' project,https://www.youtube.com/@aljazeeraenglish,Al Jazeera English,37000,37K views,2021-05-16 05:17:01.153735+00:00,5 years ago,"Bangladesh has launched what is thought to be the world's largest so-called "" climate refugee "" project in Cox's Bazar, to house a ...",2026-05-15 05:17:01.153735+00:00
https://www.youtube.com/watch?v=9WRTeqsMpX8&pp=ygUQY2xpbWF0ZSByZWZ1Z2Vlcw%3D%3D,Are Climate Refugees the Next Pandemic for Pakistan? | Displaced by Disaster | Teaser,https://www.youtube.com/@TCMOriginals,TCM Originals,1300,1.3K views,2023-05-16 05:17:07.640514+00:00,3 years ago,"7000 glaciers, 1% carbon footprint, multiple disasters, more than 50000 affectees and 7 billion PKR financial loss; the province of ...",2026-05-15 05:17:07.640514+00:00
https://www.youtube.com/watch?v=AOEtWO_GzlY&pp=ygUQY2xpbWF0ZSByZWZ1Z2Vlcw%3D%3D,New Homes For Climate Refugees | Klimanews,https://www.youtube.com/@radioFM4,radio FM4,368,368 views,2022-05-16 05:17:07.641568+00:00,4 years ago,"The climate crisis is forcing millions of people to leave their homes in Bangladesh. Saleemul Huq is devising safer, healthier ...",2026-05-15 05:17:07.641568+00:00
https://www.youtube.com/watch?v=I7coRIMctpU&pp=ygUQY2xpbWF0ZSByZWZ1Z2Vlcw%3D%3D,Environmental Exodus: Understanding Climate Refugees,https://www.youtube.com/@climatecosmos-com,Climate Cosmos,4,4 views,2025-10-17 05:17:07.642791+00:00,7 months ago,"As climate change accelerates, more people are forced to leave their homes in search of safety and stability. This video dives into ...",2026-05-15 05:17:07.642791+00:00
https://www.youtube.com/watch?v=jIN3RWP1Cw8&pp=ygUQY2xpbWF0ZSByZWZ1Z2Vlcw%3D%3D,What Is The Legal Status Of Climate Refugees?,https://www.youtube.com/@SocialIssuesForEveryone,Social Issues For Everyone,5,5 views,2026-01-15 05:17:07.643794+00:00,4 months ago,"Climate change is forcing millions from their homes worldwide, but who are ' climate refugees ' and what legal protections currently ...",2026-05-15 05:17:07.643794+00:00
https://www.youtube.com/watch?v=fh_Nox1am60&pp=ygUQY2xpbWF0ZSByZWZ1Z2Vlcw%3D%3D,Climate Refugees One Billion People Will Be Displaced by 2050,https://www.youtube.com/@AISocietyExplained,AI Society Explained,9,9 views,2026-04-15 05:17:07.644778+00:00,1 month ago,This video presents a detailed analysis of global climate-driven displacement and the accelerating rise of climate refugees .,2026-05-15 05:17:07.644778+00:00
https://www.youtube.com/watch?v=gv_L1_6U7L4&pp=ygUQY2xpbWF0ZSByZWZ1Z2Vlcw%3D%3D,Oregon Already Has a Climate Refugee Crisis,https://www.youtube.com/@VICENews,VICE News,385000,385K views,2022-05-16 05:17:07.646376+00:00,4 years ago,"Last year the Labor Day fires burned over a million acres in Oregon. Since then, the state has been housing residents who lost ...",2026-05-15 05:17:07.646376+00:00
https://www.youtube.com/watch?v=TsaHow8uRMA&pp=ygUQY2xpbWF0ZSByZWZ1Z2Vlcw%3D%3D,The Climate Refugees,https://www.youtube.com/@AVLearnifyEdu,AVLearnifyEdu,156,156 views,2026-03-16 05:17:07.647437+00:00,2 months ago,"Climate change is not just an environmental crisis—it is a human displacement crisis. This documentary, “ Climate Refugees : The ...",2026-05-15 05:17:07.647437+00:00
https://www.youtube.com/watch?v=P5Rxx7rAJsE&pp=ygUQY2xpbWF0ZSByZWZ1Z2Vlcw%3D%3D,Tuvalu in times of climate change – Don´t call us climate refugees,https://www.youtube.com/@brotfuerdieweltvideo,Brot für die Welt,2000,2K views,2017-05-17 05:17:07.649229+00:00,9 years ago,Mehr zur Arbeit von Brot für die Welt: www.brot-fuer-die-welt.de Brot für die Welt setzt sich seit mehr als 60 Jahren weltweit dafür ...,2026-05-15 05:17:07.649229+00:00
https://www.youtube.com/watch?v=k7ewMKTO_FY&pp=ygUQY2xpbWF0ZSByZWZ1Z2Vlcw%3D%3D,Green Soapbox Spring 2025: Climate Refugees,https://www.youtube.com/@deltainstitute,Delta Institute,68,68 views,2025-05-15 05:17:07.650122+00:00,1 year ago,"Delta Institute hosted its annual Green Soapbox panel discussion on the topic of "" Climate Refugees ."" This year's panel included ...",2026-05-15 05:17:07.650122+00:00
https://www.youtube.com/watch?v=gmmQjuZzFcc&pp=ygUQY2xpbWF0ZSByZWZ1Z2Vlcw%3D%3D,Explainer: Climate refugees a focus at UN talks,https://www.youtube.com/@aljazeeraenglish,Al Jazeera English,2400,2.4K views,2017-05-17 05:17:07.651099+00:00,9 years ago,"If current climate trends continue, many areas of the world could become inundated by rising sea levels, forcing the mass ...",2026-05-15 05:17:07.651099+00:00
https://www.youtube.com/watch?v=Xx4IeLu8DwM&pp=ygUQY2xpbWF0ZSByZWZ1Z2Vlcw%3D%3D,Climate Refugees in the South Pacific | Global 3000,https://www.youtube.com/@dwnews,DW News,3900,3.9K views,2010-05-19 05:17:07.652068+00:00,16 years ago,Some 100000 people still live on the 32 islands of Kiribati. But global warming is making water levels rise.The Pacific island group ...,2026-05-15 05:17:07.652068+00:00
https://www.youtube.com/watch?v=OH9ym8utMUM&pp=ygUQY2xpbWF0ZSByZWZ1Z2Vlcw%3D%3D,We Need To Talk About Climate Refugees,https://www.youtube.com/@NickLankau,Nick Lankau,133,133 views,2022-05-16 05:17:07.653895+00:00,4 years ago,Environmental Migrants exist today. This will become a much bigger issue in the years to come as the effects of climate change ...,2026-05-15 05:17:07.653895+00:00
https://www.youtube.com/watch?v=Fq8aVQdKqP4&pp=ygUQY2xpbWF0ZSByZWZ1Z2Vlcw%3D%3D,Learn about Climate refugees or climate migrants,https://www.youtube.com/@lambcottage,ECO Scouts,214,214 views,2022-05-16 05:17:11.905547+00:00,4 years ago,Scouts Learn about Climate refugees or climate migrants and world impact of changes. ECO Scouts have started a movie project ...,2026-05-15 05:17:11.905547+00:00
https://www.youtube.com/watch?v=zuNM2JsLJEk&pp=ygUQY2xpbWF0ZSByZWZ1Z2Vlcw%3D%3D,"We All Could Be Climate Refugees | Bee Moorhead, Dylan Le | COP30 Belém, Brasil | November 10, 2025",https://www.youtube.com/@texasimpact,Texas Impact,82,82 views,2025-11-16 05:17:11.906034+00:00,6 months ago,"Naira Santa Rita, an internally displaced person from Brazil, directed her message to the entire audience: “Anyone of us in this ...",2026-05-15 05:17:11.906034+00:00
https://www.youtube.com/watch?v=gVgE2PdhMO4&pp=ygUQY2xpbWF0ZSByZWZ1Z2Vlcw%3D%3D,Climate refugees are those who migrate due to climate crisis,https://www.youtube.com/@TRTWorldNow,TRT World Now,202,202 views,2021-05-16 05:17:11.906786+00:00,5 years ago,The climate crisis is one of the biggest challenges facing humanity. Changing weather patterns and increasingly severe natural ...,2026-05-15 05:17:11.906786+00:00
https://www.youtube.com/watch?v=hRHPI7-LYNE&pp=ygUQY2xpbWF0ZSByZWZ1Z2Vlc9IHCQkECwGHKiGM7w%3D%3D,South Asia Diary | Bangladesh's Climate Refugees,https://www.youtube.com/@WION,WION,2800,2.8K views,2023-05-16 05:17:11.907353+00:00,3 years ago,Bangladeshis are at risk of dislocation as climate change-induced disasters wreak havoc across the country. Many people living ...,2026-05-15 05:17:11.907353+00:00
https://www.youtube.com/watch?v=VPp1pS5kEVg&pp=ygUQY2xpbWF0ZSByZWZ1Z2Vlcw%3D%3D,What If 100 Million Climate Refugees Came to America by 2050?,https://www.youtube.com/@ThinkWhatIf-w4v,Think What If,88,88 views,2025-08-18 05:17:11.907862+00:00,9 months ago,What happens if climate refugees flood into the USA by 2050? Imagine a future where climate change forces over 100 million ...,2026-05-15 05:17:11.907862+00:00
https://www.youtube.com/shorts/dwYc9_8TDlI,Climate refugees and displacement of people due to climate change,https://www.youtube.com/@factfilledshorts,Fact Filled Shorts,20,20 views,2023-05-16 05:17:11.908406+00:00,3 years ago,,2026-05-15 05:17:11.908406+00:00
https://www.youtube.com/watch?v=n5CHtYR_Sik&pp=ygUQY2xpbWF0ZSByZWZ1Z2Vlcw%3D%3D,"Climate Change, Migration and Environmental Refugees",https://www.youtube.com/@UNSW,UNSW,10000,10K views,2009-05-19 05:17:11.909567+00:00,17 years ago,"Please watch: ""UNSWTV: Entertaining your curiosity"" https://www.youtube.com/watch?v=bQ7UO8nxiL0 -~-~~-~~~-~~-~- As the ...",2026-05-15 05:17:11.909567+00:00
https://www.youtube.com/watch?v=-XROyTCXtK4&pp=ygUQY2xpbWF0ZSByZWZ1Z2Vlcw%3D%3D,Climate Migrants or Climate Refugees? Humanizing Global Migration Governance in the Pacific Islands,https://www.youtube.com/@ECMNetwork,ECMN,28,28 views,2025-05-15 05:17:17.846554+00:00,1 year ago,A research talk presented at the #ecmn23 conference by Lukmon Akintola (Migration for Youth and Children Platform) & Olivia ...,2026-05-15 05:17:17.846554+00:00
https://www.youtube.com/watch?v=pRVllUzT-2Q&pp=ygUQY2xpbWF0ZSByZWZ1Z2Vlcw%3D%3D,Will there be Climate Refugees by 2050? Human Face of Climate Change|Environmental Documentary,https://www.youtube.com/@NatureNet.EActions,NatureNetworks.EnviroActions,37,37 views,2024-05-15 05:17:17.847419+00:00,2 years ago,,2026-05-15 05:17:17.847419+00:00
https://www.youtube.com/watch?v=mzNYILn5JX4&pp=ygUQY2xpbWF0ZSByZWZ1Z2Vlcw%3D%3D,Climate refugees: A threat to Europe?,https://www.youtube.com/@RoundtableTRTWorld,Roundtable,627,627 views,2025-05-15 05:17:17.848854+00:00,1 year ago,UN chief Antonio Guterres is warning that rising sea levels could swamp parts of the earth unless drastic action is taken. How are ...,2026-05-15 05:17:17.848854+00:00
https://www.youtube.com/watch?v=8ntzZdaVNH4&pp=ygUQY2xpbWF0ZSByZWZ1Z2Vlcw%3D%3D,MALDIVES ISSUES “CLIMATE REFUGEES” WARNING,https://www.youtube.com/@AriseNewsChannel,Arise News,773,773 views,2023-05-16 05:17:17.849967+00:00,3 years ago,"The climate crisis continues to seriously affect island nations like the Maldives, situated in the Indian Ocean. The country's ...",2026-05-15 05:17:17.849967+00:00
https://www.youtube.com/watch?v=NSbfn8Tdb4o&pp=ygUQY2xpbWF0ZSByZWZ1Z2Vlcw%3D%3D,Climate Refugees: The Hidden Crisis | Crisis Core EP.02,https://www.youtube.com/@AIFableFactory,AI Fable Factory,14,14 views,2025-05-15 05:17:17.851143+00:00,1 year ago,"Imagine a world where every second, one person is displaced by a climate disaster. Welcome to Crisis Core! In this episode, we ...",2026-05-15 05:17:17.851143+00:00
https://www.youtube.com/watch?v=-3PA50iMS9Y&pp=ygUQY2xpbWF0ZSByZWZ1Z2Vlcw%3D%3D,The UK’s first climate refugees,https://www.youtube.com/@theendsreport,ENDS Report,1100,1.1K views,2020-05-16 05:17:17.852524+00:00,6 years ago,Rising seas and wild storms are making life on the coast ever more perilous. Find out what's at risk on Britain's shifting shoreline.,2026-05-15 05:17:17.852524+00:00
https://www.youtube.com/watch?v=vthsXDUDNOU&pp=ygUQY2xpbWF0ZSByZWZ1Z2Vlcw%3D%3D,"Climate Refugees - Lake Bogoria IDP's forced to live with wildlife""",https://www.youtube.com/@k24tv,K24TV,144,144 views,2024-05-15 05:17:17.853487+00:00,2 years ago,Rift Valley lakes experienced their highest water levels which led to flooding and the displacement of thousands of people.,2026-05-15 05:17:17.853487+00:00
https://www.youtube.com/watch?v=gNvv0377hyw&pp=ygUQY2xpbWF0ZSByZWZ1Z2Vlcw%3D%3D,Climate Refugees: The Growing Challenge of Displacement in International Politics,https://www.youtube.com/@bdbipss,BIPSS,24,24 views,2025-05-15 05:17:17.854798+00:00,1 year ago,Read full Commentary: https://bipss.org.bd/ climate - refugees -the-growing-challenge-of-displacement-in-international-politics/ The ...,2026-05-15 05:17:17.854798+00:00
https://www.youtube.com/watch?v=GlhOP8BOCnM&pp=ygUQY2xpbWF0ZSByZWZ1Z2Vlcw%3D%3D,Do We Have An Ethical Responsibility To Help Climate Refugees? - The Ethical Compass,https://www.youtube.com/@The-Ethical-Compass,The Ethical Compass,9,9 views,2025-11-16 05:17:17.856026+00:00,6 months ago,Do We Have An Ethical Responsibility To Help Climate Refugees ? Have you ever wondered about our responsibilities toward ...,2026-05-15 05:17:17.856026+00:00
https://www.youtube.com/watch?v=cXGadMOTX_U&pp=ygUQY2xpbWF0ZSByZWZ1Z2Vlcw%3D%3D,No Way Home | Climate Refugees,https://www.youtube.com/@Luke_YG_Lin,Luke Lin,15,15 views,2024-05-15 05:17:17.857002+00:00,2 years ago,Our team wanted to focus on the impact of climate change on marginalized populations because we have previously learned that ...,2026-05-15 05:17:17.857002+00:00
https://www.youtube.com/watch?v=Dm7Fkr4tFgo&pp=ygUQY2xpbWF0ZSByZWZ1Z2Vlcw%3D%3D,Climate refugees: Supporting receiving communities webinar,https://www.youtube.com/@CenterforDisasterPhilanthropy,Center for Disaster Philanthropy,250,250 views,2023-05-16 05:17:17.858540+00:00,3 years ago,"A February 2022 report from the Intergovernmental Panel on Climate Change found that: “Over the next 30 years, 143 million ...",2026-05-15 05:17:17.858540+00:00
https://www.youtube.com/watch?v=4y52ZQkDZ-Y&pp=ygUQY2xpbWF0ZSByZWZ1Z2Vlcw%3D%3D,Climate Refugees: Implications of Anthropogenic Climate Change,https://www.youtube.com/@uvuethics,Center for the Study of Ethics,62,62 views,2018-05-17 05:17:17.860014+00:00,8 years ago,Session One of the 2017 Environmental Ethics Symposium: ...,2026-05-15 05:17:17.860014+00:00
https://www.youtube.com/watch?v=iuhvrhWed3Q&pp=ygUQY2xpbWF0ZSByZWZ1Z2Vlcw%3D%3D,What Is A Climate Refugee?,https://www.youtube.com/@FYA_org,The Foundation for Young Australians,312,312 views,2020-05-16 05:17:17.860912+00:00,6 years ago,What does it mean when people are forced to leave their homes because of environmental threats to their safety and wellbeing?,2026-05-15 05:17:17.860912+00:00
https://www.youtube.com/watch?v=L6-WHE6cVys&pp=ygUQY2xpbWF0ZSByZWZ1Z2Vlcw%3D%3D,BLOG: A Pragmatic Solution for Climate Refugees,https://www.youtube.com/@AILANational,AILANational,254,254 views,2024-05-15 05:17:27.123315+00:00,2 years ago,AILA member Evan Patton talks about what inspired the article he wrote for AILA Law Journal's 2023 spring issue Learn more ...,2026-05-15 05:17:27.123315+00:00
https://www.youtube.com/watch?v=mzxhSn4HpTI&pp=ygUQY2xpbWF0ZSByZWZ1Z2Vlcw%3D%3D,"Al Gore: ""There Could Be One Billion Climate Refugees""",https://www.youtube.com/@AtlantaConserv1,Atlanta Conservative,16,16 views,2024-05-15 05:17:27.124284+00:00,2 years ago,"Former Vice President Al Gore went on CNN's State of the Union with Jake Tapper Sunday morning, March 24th 2024 to discuss ...",2026-05-15 05:17:27.124284+00:00
https://www.youtube.com/watch?v=V1ATHC0VG7c&pp=ygUQY2xpbWF0ZSByZWZ1Z2Vlcw%3D%3D,Climate refugees,https://www.youtube.com/@signsmag,Signs of the Times,13,13 views,2025-05-15 05:17:27.126067+00:00,1 year ago,"This episode is a special one. We spoke to not one, not two—but three guests about the issues of climate change in the South ...",2026-05-15 05:17:27.126067+00:00
https://www.youtube.com/watch?v=tJS_0GKEfew&pp=ygUQY2xpbWF0ZSByZWZ1Z2Vlcw%3D%3D,California Wildfires Health Effects and Climate Refugees,https://www.youtube.com/@ucsfschoolofnursing1661,UCSF School of Nursing,203,203 views,2023-05-16 05:17:27.127739+00:00,3 years ago,"This video was created by students Heather Ablog, Talal Alanazi and Haeun Kim of the UCSF School of Nursing as part of a ...",2026-05-15 05:17:27.127739+00:00
https://www.youtube.com/watch?v=cghJJYX2V30&pp=ygUQY2xpbWF0ZSByZWZ1Z2Vlcw%3D%3D,The Scenario: Climate Refugees,https://www.youtube.com/@Seattleglobalist,The Seattle Globalist,437,437 views,2015-05-18 05:17:27.128799+00:00,11 years ago,Darlene Dowd and Midge Mayberry bring you this WOMG news report from the not too distant future: Refugees are flooding the ...,2026-05-15 05:17:27.128799+00:00
https://www.youtube.com/watch?v=RF79Z01VJso&pp=ygUQY2xpbWF0ZSByZWZ1Z2Vlcw%3D%3D,Climate Refugees: The Human Displacement Caused by Water Shortages - Scotmas,https://www.youtube.com/@Scotmasclo2,Scotmas Group,51,51 views,2025-05-15 05:17:27.129711+00:00,1 year ago,"As the world grapples with the urgent and multifaceted impacts of climate change, one of the most pressing and human-centric ...",2026-05-15 05:17:27.129711+00:00
https://www.youtube.com/watch?v=kRkW2tJjkSA&pp=ygUQY2xpbWF0ZSByZWZ1Z2Vlcw%3D%3D,Climate Refugees,https://www.youtube.com/@patriciakulaga7522,Patricia KULAGA,23,23 views,2017-05-17 05:17:27.130451+00:00,9 years ago,,2026-05-15 05:17:27.130451+00:00
https://www.youtube.com/watch?v=yOpD5z-0v1g&pp=ygUQY2xpbWF0ZSByZWZ1Z2Vlcw%3D%3D,Seychelles: Could paradise have the first climate refugees?,https://www.youtube.com/@rtenews,RTÉ News,2300,2.3K views,2023-05-16 05:17:27.131293+00:00,3 years ago,Fears are growing that thousands of residents of the Seychelles islands could be forced to leave their homes due to climate ...,2026-05-15 05:17:27.131293+00:00
https://www.youtube.com/watch?v=MfOxlcIxNzI&pp=ygUQY2xpbWF0ZSByZWZ1Z2Vlcw%3D%3D,Floods. Heat waves. Cyclones. Jeanne faced them all in her refugee camp.,https://www.youtube.com/@UNHCR,"UNHCR, the UN Refugee Agency",441,441 views,2024-05-15 05:17:27.132110+00:00,2 years ago,"Floods. Heat waves. Cyclones. Jeanne faced them all in her refugee camp. Now, she's taking #ClimateAction. Her youth-led ...",2026-05-15 05:17:27.132110+00:00
https://www.youtube.com/watch?v=9s9DvPzrsFU&pp=ygUQY2xpbWF0ZSByZWZ1Z2Vlcw%3D%3D,Conceptualizing Policy – Do ‘Climate Refugees’ or ‘Environmental Migrants’ Really Exist?,https://www.youtube.com/@PlatformOnDisasterDisplacement,Platform on Disaster Displacement,608,608 views,2021-05-16 05:17:27.133705+00:00,5 years ago,"What are the terms used to label people whose reasons for moving are related to floods, tropical storms, droughts, glacier melting, ...",2026-05-15 05:17:27.133705+00:00
https://www.youtube.com/watch?v=tcGci1b03co&pp=ygUQY2xpbWF0ZSByZWZ1Z2Vlcw%3D%3D,Climate Refugees Cannot Claim Asylum in the United States,https://www.youtube.com/@americancommunitymedia,American Community Media,68,68 views,2024-05-15 05:17:27.134507+00:00,2 years ago,"Amali Tower, Founder & Executive Director, Climate Refugees , says currently those fleeing climate crises cannot claim asylum in ...",2026-05-15 05:17:27.134507+00:00
https://www.youtube.com/watch?v=ydc8cyn8_Og&pp=ygUQY2xpbWF0ZSByZWZ1Z2Vlcw%3D%3D,How We Talk about Climate Migration Shapes Treatment of “Climate Refugees”,https://www.youtube.com/@MigrationPolicy,Migration Policy Institute,108,108 views,2025-05-15 05:17:27.135338+00:00,1 year ago,The ways in which people talk about climate migration can affect how individuals are treated. While many activists frame climate ...,2026-05-15 05:17:27.135338+00:00
https://www.youtube.com/watch?v=tZQBHF-NOaQ&pp=ygUQY2xpbWF0ZSByZWZ1Z2Vlcw%3D%3D,7 billion Others - Climate voices - Climate refugees,https://www.youtube.com/@GoodplanetOrgfr,GoodPlanet,2900,2.9K views,2010-05-19 05:17:27.136023+00:00,16 years ago,"Download the movies for free on : http://goodplanet.org/en/climatevoices/ The continuation of the GoodPlanet project ""7 billion ...",2026-05-15 05:17:27.136023+00:00
https://www.youtube.com/watch?v=LLpBjqCyKy0&pp=ygUQY2xpbWF0ZSByZWZ1Z2Vlcw%3D%3D,TEDxYouth@GreaterNashville Max Webster: Climate refugees: World on the Run,https://www.youtube.com/@TEDx,TEDx Talks,675,675 views,2011-05-19 05:17:27.137552+00:00,15 years ago,Max Webster is a junior at Yale College majoring in political science with a focus on environmental law and politics. A member of ...,2026-05-15 05:17:27.137552+00:00
https://www.youtube.com/watch?v=Y5TimF34Xjc&pp=ygUQY2xpbWF0ZSByZWZ1Z2Vlcw%3D%3D,Climate Refugees in the Global South: a community mural project,https://www.youtube.com/@uclamericas9959,UCLAmericas,18,18 views,2025-07-19 05:17:32.830986+00:00,10 months ago,"Institute of the Americas Honorary Researcher, Dr Johanna Amaya-Panche, along with colleagues from UCL and Unviersity of ...",2026-05-15 05:17:32.830986+00:00
https://www.youtube.com/watch?v=Ra2V89dvNiM&pp=ygUQY2xpbWF0ZSByZWZ1Z2Vlcw%3D%3D,"Climate Change Working Group : ""Climate Refugees - The World’s Forgotten Victims""",https://www.youtube.com/@wcapsnet,WCAPS,91,91 views,2023-05-16 05:17:32.831774+00:00,3 years ago,"In honor of World Refugee Day on June 20th 2022, the Climate Change Working Group held a conversation entitled “ Climate ...",2026-05-15 05:17:32.831774+00:00
https://www.youtube.com/watch?v=b_zv_7-2Xzc&pp=ygUQY2xpbWF0ZSByZWZ1Z2Vlcw%3D%3D,Climate refugees flee as Bangladesh villages washed away | AFP,https://www.youtube.com/@AFP,AFP News Agency,791,791 views,2023-05-16 05:17:32.832269+00:00,3 years ago,"Periodic flooding that inundates homes, markets and schools has always been part of the lives of millions of farmers and ...",2026-05-15 05:17:32.832269+00:00
https://www.youtube.com/watch?v=RtL7vk48jyA&pp=ygUQY2xpbWF0ZSByZWZ1Z2Vlcw%3D%3D,A Moonshot for Climate Refugees - Michael P. Nash,https://www.youtube.com/@artfortomorrow3146,Art For Tomorrow,29,29 views,2025-05-15 05:17:32.832706+00:00,1 year ago,"Provocation: Michael P. Nash, Artist and Filmmaker.",2026-05-15 05:17:32.832706+00:00
https://www.youtube.com/watch?v=vNKXQRcyJVo&pp=ygUQY2xpbWF0ZSByZWZ1Z2Vlcw%3D%3D,Climate Refugees: Racism or Solidarity?,https://www.youtube.com/@affectandcolonialismweblab7353,Affect and Colonialism Web Lab,18,18 views,2023-05-16 05:17:32.833155+00:00,3 years ago,Who are climate refugees ? The video outlines two interpretations. In the racist framing climate refugees are portrayed as ...,2026-05-15 05:17:32.833155+00:00
https://www.youtube.com/watch?v=tao-DznyEns&pp=ygUQY2xpbWF0ZSByZWZ1Z2Vlcw%3D%3D,"What Are ""Climate Refugees""?",https://www.youtube.com/@peacenewsnetwork5290,Peace News Network,1900,1.9K views,2023-05-16 05:17:32.833549+00:00,3 years ago,"As the planet warms, people are being forced to flee their homes and land due to natural disasters, droughts, and other extreme ...",2026-05-15 05:17:32.833549+00:00
https://www.youtube.com/watch?v=9XdX-NqFk9g&pp=ygUQY2xpbWF0ZSByZWZ1Z2Vlcw%3D%3D,Climate refugees | Global Warming,https://www.youtube.com/@erionmillaku4267,Erion Millaku,198,198 views,2022-05-16 05:17:32.833920+00:00,4 years ago,,2026-05-15 05:17:32.833920+00:00
https://www.youtube.com/watch?v=pxjLWCADcec&pp=ygUQY2xpbWF0ZSByZWZ1Z2Vlcw%3D%3D,Climate Refugee Stories,https://www.youtube.com/@ucicommunityresilience9803,UCI Community Resilience,302,302 views,2019-05-17 05:17:32.834315+00:00,7 years ago,Climate Refugees : Environmental Justice Detained is a multi-media narrative and archiving project comprising a series of short ...,2026-05-15 05:17:32.834315+00:00
https://www.youtube.com/watch?v=QDmVvE8k3cE&pp=ygUQY2xpbWF0ZSByZWZ1Z2Vlcw%3D%3D,Climate refugees exist? Let's talk about it! - CREATE  Final Event,https://www.youtube.com/@blueskills-ogssustainableb6666,Blue Skills - OGS Sustainable Blue Economy,52,52 views,2023-05-16 05:17:32.834699+00:00,3 years ago,"OGSchannel The recording of the Final event of the CREATE project, led by @OGSchannel and cofunded by the ...",2026-05-15 05:17:32.834699+00:00
https://www.youtube.com/watch?v=yBnquGcbUJ0&pp=ygUQY2xpbWF0ZSByZWZ1Z2Vlcw%3D%3D,How Does Flooding Lead To Climate Refugees In Bangladesh? - Anthropology Insights,https://www.youtube.com/@AnthropologyInsights,Anthropology Insights,5,5 views,2025-08-18 05:17:32.835090+00:00,9 months ago,"How Does Flooding Lead To Climate Refugees In Bangladesh? In this informative video, we will examine the impact of flooding in ...",2026-05-15 05:17:32.835090+00:00
https://www.youtube.com/watch?v=WFb6lpPoQVw&pp=ygUQY2xpbWF0ZSByZWZ1Z2Vlcw%3D%3D,Climate Refugees: The Human Exodus Fueled by Global Warming,https://www.youtube.com/@Didyouknowseries...,Did you know series?,10,10 views,2025-05-15 05:17:32.835602+00:00,1 year ago,"Explore the heartbreaking stories of climate refugees forced to flee their homes due to rising sea levels, extreme weather, and ...",2026-05-15 05:17:32.835602+00:00
https://www.youtube.com/watch?v=VcI2X8z07wQ&pp=ygUQY2xpbWF0ZSByZWZ1Z2Vlcw%3D%3D,Climate Refugees and Global Responsibility: A Conversation with Francesca Rosignoli & Sara Granath,https://www.youtube.com/@jolene.larsen-kilan,Jolene Larsén-Kilan,39,39 views,2025-10-17 05:17:32.836028+00:00,7 months ago,This recorded panel brings together two leading voices to discuss one of the most pressing issues of our time: climate -driven ...,2026-05-15 05:17:32.836028+00:00
https://www.youtube.com/watch?v=ElGDXaq9hg4&pp=ygUQY2xpbWF0ZSByZWZ1Z2Vlcw%3D%3D,"Water Wars, Arctic Scrambles & Climate Refugees: The New Environmental Security Threats",https://www.youtube.com/@NoahZerbe,Noah Zerbe,239,239 views,2026-02-14 05:17:32.836430+00:00,3 months ago,"When does climate change stop being just an environmental issue and become a matter of war and peace? In this video, we ...",2026-05-15 05:17:32.836430+00:00
https://www.youtube.com/watch?v=npSkbaDZZDc&pp=ygUQY2xpbWF0ZSByZWZ1Z2Vlcw%3D%3D,Climate Refugees from Central America: The Silent Surge Undermining U.S. National Security,https://www.youtube.com/@PNPworldnews,PNP world,4,4 views,2025-05-15 05:17:32.836804+00:00,1 year ago,"Under Section 107 of the Copyright Act 1976, allowance is made for ""fair use"" for purposes such as criticism, comment, news ...",2026-05-15 05:17:32.836804+00:00
https://www.youtube.com/watch?v=QELTGL9xUck&pp=ygUQY2xpbWF0ZSByZWZ1Z2Vlcw%3D%3D,Climate Refugees IEP- Fall 2019,https://www.youtube.com/@Whynotyertl,TyD,19,19 views,2020-05-16 05:17:32.837373+00:00,6 years ago,Sources: https://www.unhcr.org/en-us/ climate -change-and-disasters.html?query= climate ...,2026-05-15 05:17:32.837373+00:00
https://www.youtube.com/watch?v=7LO6UO1emLo&pp=ygUQY2xpbWF0ZSByZWZ1Z2Vlcw%3D%3D,No Legal Status for Climate Refugees - CNNi CTW Amb Young 29th Sept,https://www.youtube.com/@aosismedia,AOSIS Media,1000,1K views,2020-05-16 05:17:38.381832+00:00,6 years ago,"Ambassador Lois Young, Belize's Permanent Representative to the United Nations and Chair of the Alliance of Small Island ...",2026-05-15 05:17:38.381832+00:00
https://www.youtube.com/watch?v=sY8ZHkiffgg&pp=ygUQY2xpbWF0ZSByZWZ1Z2Vlcw%3D%3D,Climate refugees type,https://www.youtube.com/@lucianspeaks2601,Lucian Speaks,26,26 views,2024-05-15 05:17:38.382823+00:00,2 years ago,,2026-05-15 05:17:38.382823+00:00
https://www.youtube.com/watch?v=iaGBL80o82U&pp=ygUQY2xpbWF0ZSByZWZ1Z2Vlcw%3D%3D,Planning for Climate Migrants and Refugees,https://www.youtube.com/@globalplannersnetwork5693,Global Planners Network,84,84 views,2019-05-17 05:17:38.383939+00:00,7 years ago,As many as 500-600 million people globally may have to move because of climate change. This session will provide an overview ...,2026-05-15 05:17:38.383939+00:00
https://www.youtube.com/watch?v=tlGEb58B_No&pp=ygUQY2xpbWF0ZSByZWZ1Z2Vlcw%3D%3D,Red x Sky Alpha HD - Climate Refugees,https://www.youtube.com/@rightforeducationofficial9100,Right for Education Official,4,4 views,2021-05-16 05:17:38.384946+00:00,5 years ago,"Right for Education (R:Ed) is a private, nonprofit foundation working in online educational media in Africa. Our mission is to ...",2026-05-15 05:17:38.384946+00:00
https://www.youtube.com/watch?v=Hsasx3_0PFU&pp=ygUQY2xpbWF0ZSByZWZ1Z2Vlcw%3D%3D,Climate Emergency Collaboration Group (short film on climate refugees),https://www.youtube.com/@COP28Ghana,COP28 Ghana,110,110 views,2024-05-15 05:17:38.385992+00:00,Streamed 2 years ago,Climate Emergency Collaboration Group (short film on climate refugees ),2026-05-15 05:17:38.385992+00:00
https://www.youtube.com/watch?v=F2n8JTZ342E&pp=ygUQY2xpbWF0ZSByZWZ1Z2Vlcw%3D%3D,IELTS Listening& Speaking Climate Refugees,https://www.youtube.com/@Ayd%C4%B1nLanguageAcademy,Learn English with Aydın Language Academy,6,6 views,2025-08-18 05:17:38.386994+00:00,9 months ago,,2026-05-15 05:17:38.386994+00:00
https://www.youtube.com/watch?v=PstRaAl1MvA&pp=ygUQY2xpbWF0ZSByZWZ1Z2Vlcw%3D%3D,English Podcast | Climate Refugees | Advanced English Conversation | We Talk English #wetalkenglish,https://www.youtube.com/@WeTalkEnglish1,We Talk English,17,17 views,2025-05-15 05:17:38.388067+00:00,1 year ago,Welcome to We Talk English Podcast to improve your Listening and Vocabulary. Climate Refugees : A Silent Crisis Rising sea ...,2026-05-15 05:17:38.388067+00:00
https://www.youtube.com/watch?v=gibv_IArpfM&pp=ygUQY2xpbWF0ZSByZWZ1Z2Vlcw%3D%3D,To What Extent Are Refugees From South Sudan climate refugees,https://www.youtube.com/@cambridgega7708,Cambridge GA,16,16 views,2024-05-15 05:17:38.389202+00:00,2 years ago,Eva explores the nature of refugees and the causes of their displacement in South Sudan.,2026-05-15 05:17:38.389202+00:00
https://www.youtube.com/watch?v=Nr55D2a46KY&pp=ygUQY2xpbWF0ZSByZWZ1Z2Vlc9IHCQkECwGHKiGM7w%3D%3D,Climate Refugees: The Future of Migration in a Changing World,https://www.youtube.com/@acelmer1,Corrine Updyke,133,133 views,2017-05-17 05:17:38.390233+00:00,9 years ago,This video was made for Contemporary Issues in World Politics at Bloomsburg University.,2026-05-15 05:17:38.390233+00:00
https://www.youtube.com/watch?v=_7vYRBShcKQ&pp=ygUQY2xpbWF0ZSByZWZ1Z2Vlcw%3D%3D,Climate Refugees,https://www.youtube.com/@DallasIntlFilmFest,DallasIntlFilmFest,20,20 views,2010-05-19 05:17:38.391146+00:00,16 years ago,,2026-05-15 05:17:38.391146+00:00
https://www.youtube.com/watch?v=s_ev166kruc&pp=ygUQY2xpbWF0ZSByZWZ1Z2Vlcw%3D%3D,Climate-refugees - The escape from the climate,https://www.youtube.com/@klimatfestivalmalmo5632,klimatfestival Malmö,46,46 views,2017-05-17 05:17:38.392570+00:00,9 years ago,60 million people today are fleeing from their homes. Is climate change one of the reasons? Was extreme drought one of the ...,2026-05-15 05:17:38.392570+00:00
https://www.youtube.com/watch?v=G1m-uRwp02E&pp=ygUQY2xpbWF0ZSByZWZ1Z2Vlcw%3D%3D,Climate Refugees. The Right to a Decent Life | International Round Table,https://www.youtube.com/@UnityTVMiddleEast,Unity TV Middle East,12,12 views,2022-05-16 05:17:38.394067+00:00,Streamed 4 years ago,Refugees : we often hear this word in the news. These are people who run from mortal danger. Their lives are threatened ...,2026-05-15 05:17:38.394067+00:00
https://www.youtube.com/watch?v=zOiFzyyGVmQ&pp=ygUQY2xpbWF0ZSByZWZ1Z2Vlcw%3D%3D,Climate Refugees People Displaced by Climate Events,https://www.youtube.com/@NRgy19,NRgy19: Inspire & Innovate- Motivation.Tech.Energy,7,7 views,2025-05-15 05:17:38.395080+00:00,1 year ago,Climate Refugees People Displaced by Climate Events.,2026-05-15 05:17:38.395080+00:00
https://www.youtube.com/watch?v=JJs7glYhB_c&pp=ygUQY2xpbWF0ZSByZWZ1Z2Vlcw%3D%3D,Climate Refugees The Unseen Victims of Global Warming,https://www.youtube.com/@GlobalYouthCompass,Global Youth Compass,19,19 views,2025-05-15 05:17:38.396007+00:00,1 year ago,Climate change is not just about rising temperatures and melting glaciers it is also creating a new crisis Climate Refugees Millions ...,2026-05-15 05:17:38.396007+00:00
https://www.youtube.com/watch?v=ZljdW6GARUk&pp=ygUQY2xpbWF0ZSByZWZ1Z2Vlcw%3D%3D,Slums rise in cities as Bangladesh climate refugees soar in number | AFP,https://www.youtube.com/@AFP,AFP News Agency,1100,1.1K views,2022-05-16 05:17:38.396935+00:00,4 years ago,"Experts say that Bangladesh, an impoverished delta nation of 170 million people is set for the biggest displacement in human ...",2026-05-15 05:17:38.396935+00:00
https://www.youtube.com/watch?v=MIuS_JPOve8&pp=ygUQY2xpbWF0ZSByZWZ1Z2Vlc9IHCQkECwGHKiGM7w%3D%3D,The Climate Refugees Channel Introduction,https://www.youtube.com/@TheClimateRefugees,TheClimateRefugees,2,2 views,2024-05-15 05:17:48.252569+00:00,2 years ago,Welcome to the Climate Refugees Channel Introductory Video. The purpose of this channel is to discuss a situation that is already ...,2026-05-15 05:17:48.252569+00:00
https://www.youtube.com/watch?v=6bO3_lPGZxw&pp=ygUQY2xpbWF0ZSByZWZ1Z2Vlcw%3D%3D,Declare a Climate Emergency: Climate Refugees,https://www.youtube.com/@newhavenclimatemovement4772,New Haven Climate Movement,63,63 views,2020-05-16 05:17:48.253485+00:00,6 years ago,Kiana Flores stands in Fair Haven and discusses the increasing numbers of climate refugees due to the climate change - caused ...,2026-05-15 05:17:48.253485+00:00
https://www.youtube.com/watch?v=MeMFMH0-C1o&pp=ygUQY2xpbWF0ZSByZWZ1Z2Vlcw%3D%3D,Climate Refugees: Made in the U.S.A.,https://www.youtube.com/@speakoutnow2035,Speak Out Now,43,43 views,2020-05-16 05:17:48.254621+00:00,6 years ago,"Rain in the 2019-2020 season has been well below average in California, and the outlook for the rest of 2020 is for it to be drier ...",2026-05-15 05:17:48.254621+00:00
https://www.youtube.com/watch?v=v2YIy3FArCQ&pp=ygUQY2xpbWF0ZSByZWZ1Z2Vlcw%3D%3D,SP2 Speaker Series – Climate Refugees: The Implications of our Changing Environment,https://www.youtube.com/@UnivPennsylvaniaSP2,Penn School of Social Policy & Practice,136,136 views,2024-05-15 05:17:48.255524+00:00,2 years ago,"The SP2 Speaker Series offers virtual conversations about race, equity, and justice with experts on social policy and social work.",2026-05-15 05:17:48.255524+00:00
https://www.youtube.com/watch?v=Adn0rtRXwaA&pp=ygUQY2xpbWF0ZSByZWZ1Z2Vlcw%3D%3D,Climate Crisis: The Rise of New Age Migrants | Climate Refugees & Global Displacement 2025,https://www.youtube.com/@JobGradeIAS,JobGrade IAS,30,30 views,2025-08-18 05:17:48.256338+00:00,9 months ago,Climate Crisis: The Rise of New Age Migrants | Climate Refugees & Global Displacement 2025 The climate crisis is no longer just ...,2026-05-15 05:17:48.256338+00:00
https://www.youtube.com/watch?v=RnsrTlxkhbA&pp=ygUQY2xpbWF0ZSByZWZ1Z2Vlcw%3D%3D,Climate refugees | Envisioning the Future | Group A 08-05,https://www.youtube.com/@quintenschimmel,Quinten Schimmel,152,152 views,2022-05-16 05:17:48.258394+00:00,4 years ago,"For the course Envisioning the Future, we are researching the future of climate change and the impact it may have on refugees .",2026-05-15 05:17:48.258394+00:00
https://www.youtube.com/watch?v=3xrfF43aXdc&pp=ygUQY2xpbWF0ZSByZWZ1Z2Vlcw%3D%3D,COP27: Why Climate refugees are not on the agenda?,https://www.youtube.com/@RoundtableTRTWorld,Roundtable,1100,1.1K views,2023-05-16 05:17:48.259140+00:00,3 years ago,"2022 witnessed severe flooding in Pakistan, extreme drought in Somalia and heat waves across Europe. The COP27 ...",2026-05-15 05:17:48.259140+00:00
https://www.youtube.com/watch?v=IYe1OWBsALY&pp=ygUQY2xpbWF0ZSByZWZ1Z2Vlcw%3D%3D,Refugees and Climate: Refugees' Exposure to Extreme Weather,https://www.youtube.com/@MelissaSiegelMigration,Melissa Siegel,306,306 views,2024-05-15 05:17:48.260442+00:00,2 years ago,"This video is based on the recently published paper (2023): "" Refugee settlements are highly exposed to extreme weather ...",2026-05-15 05:17:48.260442+00:00
https://www.youtube.com/watch?v=Zo29kHRDtHo&pp=ygUQY2xpbWF0ZSByZWZ1Z2Vlcw%3D%3D,"Climate Refugees: Hurricane Dorian, Part 2",https://www.youtube.com/@MyRadar,MyRadar Weather News,315000,315K views,2020-05-16 05:17:48.261277+00:00,6 years ago,"In Part 2 of Climate Refugees : Hurricane Dorian for MyRadar, Professor Juliette Kayyem of Harvard's Kennedy School examines ...",2026-05-15 05:17:48.261277+00:00
https://www.youtube.com/watch?v=qLmViUZaU8A&pp=ygUQY2xpbWF0ZSByZWZ1Z2Vlcw%3D%3D,Climate Refugees with Grace Adcox and Amali Tower,https://www.youtube.com/@seekingrefugepodcast8498,Seeking Refuge Podcast,32,32 views,2021-05-16 05:17:48.262714+00:00,5 years ago,Today we learn what it means to be a climate refugee and how many people are fleeing because of environmental reasons.,2026-05-15 05:17:48.262714+00:00
https://www.youtube.com/watch?v=MVeA1J-Ib_E&pp=ygUQY2xpbWF0ZSByZWZ1Z2Vlcw%3D%3D,Greetings and Introduction of The Climate Refugees Confrence,https://www.youtube.com/@glocalinternationaldevelop9876,Glocal International Development MA,228,228 views,2024-05-15 05:17:48.263514+00:00,2 years ago,"Greetings and Introduction of our first Climate Refugees conference given by Prof. Gili Drori, Dean of The Social Sciences Faculty ...",2026-05-15 05:17:48.263514+00:00
https://www.youtube.com/watch?v=A1iLeLgLOME&pp=ygUQY2xpbWF0ZSByZWZ1Z2Vlcw%3D%3D,Town Hall: Climate change and climate refugees,https://www.youtube.com/@WGRZTVNews,WGRZ-TV,183,183 views,2024-05-15 05:17:48.264157+00:00,2 years ago,"Dr. Jesse Keenan, associate professor of sustainable real estate and urban planning at Tulane University, discusses climate ...",2026-05-15 05:17:48.264157+00:00
https://www.youtube.com/watch?v=IlkHytDdTGI&pp=ygUQY2xpbWF0ZSByZWZ1Z2Vlcw%3D%3D,Psychosocial support program for climate refugees in Mexico City,https://www.youtube.com/@scra27org,Society for Community Research and Action,14,14 views,2026-01-15 05:17:48.264672+00:00,4 months ago,Climate & Environmental Justice Interest Group.- Quarterly presentation 12.10.25 Psychosocial support program for climate ...,2026-05-15 05:17:48.264672+00:00
https://www.youtube.com/watch?v=1dUUMWjAEaA&pp=ygUQY2xpbWF0ZSByZWZ1Z2Vlcw%3D%3D,CLIMATE REFUGEES,https://www.youtube.com/@SindyNjonguo100,Sindy Njonguo,51,51 views,2024-05-15 05:17:48.265096+00:00,2 years ago,Climate refugees : People forced to flee their homes due to climate change. Climate refugees are often the most vulnerable people ...,2026-05-15 05:17:48.265096+00:00
https://www.youtube.com/watch?v=mo5xTXncmLA&pp=ygUQY2xpbWF0ZSByZWZ1Z2Vlc9IHCQkECwGHKiGM7w%3D%3D,Motion Episode 8: Climate Refugees,https://www.youtube.com/@motionpodcast7648,Motion Podcast,8,8 views,2020-05-16 05:17:54.478146+00:00,6 years ago,"In this episode, we round off our discussion about migration by discussing climate refugees . We explore what human migration ...",2026-05-15 05:17:54.478146+00:00
https://www.youtube.com/watch?v=1Ww1uu8vXj4&pp=ygUQY2xpbWF0ZSByZWZ1Z2Vlcw%3D%3D,1 Billion Climate Refugees Are Coming – The Largest Migration in Human History,https://www.youtube.com/@Moneyengine-334,Money Engine,127,127 views,2025-12-16 05:17:54.478642+00:00,5 months ago,"Humanity is on the brink of the greatest migration ever recorded. Analysts warn that ""up to 1 billion people"" could be displaced this ...",2026-05-15 05:17:54.478642+00:00
https://www.youtube.com/watch?v=4EKkUtrLfjU&pp=ygUQY2xpbWF0ZSByZWZ1Z2Vlcw%3D%3D,Unbuilt Visions | Ocean Arks: The Floating Cities Designed for Climate Refugees,https://www.youtube.com/@UnbuiltVisions,Unbuilt Visions,19,19 views,2025-12-16 05:17:54.479129+00:00,5 months ago,"The Floating Cities That Could Save 280 Million Climate Refugees By 2050, rising seas will displace 280 million people. Refugee ...",2026-05-15 05:17:54.479129+00:00
https://www.youtube.com/watch?v=ZNsr8hToJQo&pp=ygUQY2xpbWF0ZSByZWZ1Z2Vlcw%3D%3D,Are Climate Refugees an actual problem?,https://www.youtube.com/@trendinginutah6738,Trending in Utah,7,7 views,2016-05-17 05:17:54.479654+00:00,10 years ago,"Climate Refugees is trending in Utah today, May 3 2016. So I ask the question why? Do you agree or disagree with Climate ...",2026-05-15 05:17:54.479654+00:00
https://www.youtube.com/watch?v=YiKt1-IPxK8&pp=ygUQY2xpbWF0ZSByZWZ1Z2Vlcw%3D%3D,CHE110 assignment on climate refugees:social and political implication.,https://www.youtube.com/@assignmentLPU,LPU assignment,63,63 views,2025-10-17 05:17:54.480185+00:00,7 months ago,"BY RANVEER,JESICA AND SHAKAMBHARI.",2026-05-15 05:17:54.480185+00:00
https://www.youtube.com/watch?v=H5wFnmpUi8I&pp=ygUQY2xpbWF0ZSByZWZ1Z2Vlcw%3D%3D,Why 2090’s Climate Refugees Will Number in Billions,https://www.youtube.com/@TheWiredSpecimen,The WIRED Specimen,9,9 views,2026-02-14 05:17:54.480688+00:00,3 months ago,"By the year 2090, climate change may force billions of people to leave their homes. Rising sea levels, extreme heat, water ...",2026-05-15 05:17:54.480688+00:00
https://www.youtube.com/watch?v=VWHRKVpGHHk&pp=ygUQY2xpbWF0ZSByZWZ1Z2Vlcw%3D%3D,HELP THE DUTCH CLIMATE REFUGEES,https://www.youtube.com/@natureandmore,Nature & More,127,127 views,2022-05-16 05:17:54.481193+00:00,4 years ago,Millions of Dutch climate refugees are coming to Germany. Watch the video and stop the orange tidal wave! For more background ...,2026-05-15 05:17:54.481193+00:00
https://www.youtube.com/watch?v=qG56FJeh1A0&pp=ygUQY2xpbWF0ZSByZWZ1Z2Vlcw%3D%3D,Climate Refugees,https://www.youtube.com/@ofallthingsclimate3090,Of All Things: Climate,89,89 views,2020-05-16 05:17:54.481737+00:00,6 years ago,"Are we, developed countries in the northern hemisphere about to be flooded with refugees due to the Climate Crisis? Here is a ...",2026-05-15 05:17:54.481737+00:00
https://www.youtube.com/watch?v=H7MaMFBLBIs&pp=ygUQY2xpbWF0ZSByZWZ1Z2Vlcw%3D%3D,How does climate change affect refugees? | USA for UNHCR,https://www.youtube.com/@USAforUNHCR,USA for UNHCR,1600,1.6K views,2024-05-15 05:17:54.482330+00:00,2 years ago,"The climate crisis affects us all, but vulnerable populations like refugees and other displaced people face an even greater risk.",2026-05-15 05:17:54.482330+00:00
https://www.youtube.com/watch?v=vVPoJ_o3oEI&pp=ygUQY2xpbWF0ZSByZWZ1Z2Vlcw%3D%3D,"Hub Culture: Michael Nash, director of CLIMATE REFUGEES",https://www.youtube.com/@hubculture,Hub Culture,341,341 views,2010-05-19 05:18:02.068291+00:00,16 years ago,"Michael Nash, the director of CLIMATE REFUGEES , talks about his film with Hub Culture's Meg Thomson.",2026-05-15 05:18:02.068291+00:00
https://www.youtube.com/watch?v=zwOyJCKjngU&pp=ygUQY2xpbWF0ZSByZWZ1Z2Vlcw%3D%3D,Denver 2075: The City That Doubled Overnight When Climate Refugees Arrived,https://www.youtube.com/@TimeLeapUSA,Time Leap USA,10,10 views,2025-11-16 05:18:02.069246+00:00,6 months ago,"Denver, 2075. Population: Five million. Twenty years ago: Two and a half million. This is the story of the largest internal migration ...",2026-05-15 05:18:02.069246+00:00
https://www.youtube.com/watch?v=3cBD2tQxq1Q&pp=ygUQY2xpbWF0ZSByZWZ1Z2Vlcw%3D%3D,Tuvalu: Rising Sea Levels and Australia's Responsibility in Supporting Climate Refugees,https://www.youtube.com/@adrienschmitt178,Adrien Schmitt,105,105 views,2025-05-15 05:18:02.070137+00:00,1 year ago,Credits Phoebe Willars (z5625067) Adrien Schmitt (z5668126) Madisyn McNulty (z5675881) Alexandra Dishnica (z5674594) ...,2026-05-15 05:18:02.070137+00:00
https://www.youtube.com/watch?v=C3V-VftKwg4&pp=ygUQY2xpbWF0ZSByZWZ1Z2Vlcw%3D%3D,Climate Refugees: The Scientists go on a Climatecation,https://www.youtube.com/@arigrandi1158,arigrandi11,5,5 views,2019-05-17 05:18:02.071042+00:00,7 years ago,By: Zoe I. and Kathleen Hey Mr. Trabona here's our science project. All photos labeled pic collage are from the PicCollage app (as ...,2026-05-15 05:18:02.071042+00:00
https://www.youtube.com/watch?v=AzAuECwYWRE&pp=ygUQY2xpbWF0ZSByZWZ1Z2Vlc9IHCQkECwGHKiGM7w%3D%3D,Episode 7 Climate Refugees and New Borders,https://www.youtube.com/@BeyondTheDeadline,Kamamoja Project Mastery,0,No views,2025-05-15 05:18:02.072004+00:00,1 year ago,"Episode 7: Climate Refugees and New Borders “What would you do if your city became unlivable?” “It's 2035, and climate change ...",2026-05-15 05:18:02.072004+00:00
https://www.youtube.com/watch?v=Icf_2WQrQek&pp=ygUQY2xpbWF0ZSByZWZ1Z2Vlcw%3D%3D,Forced to flee: Climate refugees,https://www.youtube.com/@DrParagKhanna,Dr. Parag Khanna,129,129 views,2022-05-16 05:18:02.073346+00:00,4 years ago,"Doha Debates | 21 October 2021 On the Doha Debates #DearWorldLive program hosted by Nelufar Hedayat, Dr. Parag Khanna ...",2026-05-15 05:18:02.073346+00:00
https://www.youtube.com/watch?v=lR114BItSoc&pp=ygUQY2xpbWF0ZSByZWZ1Z2Vlcw%3D%3D,Climate Refugees. The Right to a Decent Life | International Round Table,https://www.youtube.com/@futurevisionworlwide,Future vision worldwide,9,9 views,2022-05-16 05:18:02.074257+00:00,Streamed 4 years ago,Refugees : we often hear this word in the news. These are people who run from mortal danger. Their lives are threatened ...,2026-05-15 05:18:02.074257+00:00
https://www.youtube.com/watch?v=WRGD0zsMOPE&pp=ygUQY2xpbWF0ZSByZWZ1Z2Vlcw%3D%3D,Climate Refugees Dry Erase,https://www.youtube.com/@shelbystebler1784,Shelby Stebler,60,60 views,2017-05-17 05:18:02.076499+00:00,9 years ago,,2026-05-15 05:18:02.076499+00:00
https://www.youtube.com/watch?v=c7pRSnO4Lqs&pp=ygUQY2xpbWF0ZSByZWZ1Z2Vlcw%3D%3D,[Unity4Charity Presentation] Climate Refugees,https://www.youtube.com/@Unity4Charity,Unity4Charity,3,3 views,2025-10-17 05:18:02.077414+00:00,7 months ago,Sharing our grade12 presentation about Climate Refugees ! Great job to all the presenters for your thoughtful insights and ...,2026-05-15 05:18:02.077414+00:00
https://www.youtube.com/watch?v=3ybQiniUY0o&pp=ygUQY2xpbWF0ZSByZWZ1Z2Vlcw%3D%3D,Episode 8: Should we call people climate refugees?,https://www.youtube.com/@globalmigrationinstitute,Global Migration Institute,11,11 views,2025-08-18 05:18:02.078318+00:00,9 months ago,"In this episode, Maggie Perzyna speaks with Daniela Paredes Grijalva, Dr. Kathleen Hermans, and Professor Robert McLeman to ...",2026-05-15 05:18:02.078318+00:00
https://www.youtube.com/watch?v=LfoSrR0z2Jw&pp=ygUQY2xpbWF0ZSByZWZ1Z2Vlcw%3D%3D,Climate Refugees,https://www.youtube.com/@Novelistix1,Novelistix,6,6 views,2025-05-15 05:18:02.079183+00:00,1 year ago,The story of a family forced to flee their home due to rising sea levels or extreme weather events.,2026-05-15 05:18:02.079183+00:00
https://www.youtube.com/watch?v=6MWywjUneM4&pp=ygUQY2xpbWF0ZSByZWZ1Z2Vlcw%3D%3D,WE ARE LETTING THIS COUNTRY DROWN. The World's First Climate Refugees,https://www.youtube.com/@EpicDiscoveriesed,Epic Discoveries,2,2 views,2025-10-17 05:18:02.080026+00:00,7 months ago,Description Imagine an entire country… vanishing beneath the sea. This is not science fiction—it's the harsh reality for nations like ...,2026-05-15 05:18:02.080026+00:00
https://www.youtube.com/watch?v=EvsZXf-WPdI&pp=ygUQY2xpbWF0ZSByZWZ1Z2Vlcw%3D%3D,#ClimateCrisis: Climate Refugees Forced to Displace Multiple Times in Papua New Guinea,https://www.youtube.com/@asiapacificforumonwomenlaw4676,"Asia Pacific Forum on Women, Law and Development",96,96 views,2020-05-16 05:18:02.080898+00:00,6 years ago,"APWLD Feminist Development Justice Media Fellow Lousieanne Laris from Bougainville, Papua New Guinea investigates the the ...",2026-05-15 05:18:02.080898+00:00
https://www.youtube.com/watch?v=eY8VP-cu1Ps&pp=ygUQY2xpbWF0ZSByZWZ1Z2Vlcw%3D%3D,Climate Refugees,https://www.youtube.com/@ClimateClime,Bolly Avong,14,14 views,2025-05-15 05:18:02.081819+00:00,1 year ago,"The displacement of communities due to rising sea levels, extreme weather, and desertification showcases the human impact of ...",2026-05-15 05:18:02.081819+00:00
https://www.youtube.com/watch?v=hAVL74_GrSA&pp=ygUQY2xpbWF0ZSByZWZ1Z2Vlcw%3D%3D,"The Untold: Turning Activism into Action—Climate Change, Climate Refugees, and Greenpeace’s Mission",https://www.youtube.com/@FridoonJoinda,Joinda Production,110,110 views,2025-05-15 05:18:13.450961+00:00,1 year ago,"Dive into an eye-opening episode of The Untold podcast with Nikos Charalambides, Greenpeace Greece's Executive Director.",2026-05-15 05:18:13.450961+00:00
https://www.youtube.com/watch?v=W7pSSc6WNbI&pp=ygUQY2xpbWF0ZSByZWZ1Z2Vlcw%3D%3D,GROUP NO. 3 - Climate Refugees & Citizenship - 3324 / 2:30PM,https://www.youtube.com/@azz7c,zaphley,11,11 views,2026-01-15 05:18:13.451412+00:00,4 months ago,,2026-05-15 05:18:13.451412+00:00
https://www.youtube.com/watch?v=phwzycwpfSM&pp=ygUQY2xpbWF0ZSByZWZ1Z2Vlcw%3D%3D,"Climate Refugees, Community Resilience, and the New Financial Infrastructure",https://www.youtube.com/@HUMNWORLD,HUMN,1,1 view,2026-01-15 05:18:13.451813+00:00,4 months ago,"As extreme weather displaces thousands and traditional safety nets disappear, Americans are discovering the power of ...",2026-05-15 05:18:13.451813+00:00
https://www.youtube.com/watch?v=PFn_Euv1JQ4&pp=ygUQY2xpbWF0ZSByZWZ1Z2Vlcw%3D%3D,#GlobalHint | Episode 9 | Season 2 | Decoding India's Position on Climate Refugees | #IPMF2021,https://www.youtube.com/@BharatPacific,The Bharat Pacific | ISAIL,152,152 views,2022-05-16 05:18:13.452512+00:00,Streamed 4 years ago,Thank you for tuning in. Do not forget to subscribe IGP on YouTube. Press the bell icon for more updates. Follow IGP ...,2026-05-15 05:18:13.452512+00:00
https://www.youtube.com/watch?v=7mLX4W7VX7s&pp=ygUQY2xpbWF0ZSByZWZ1Z2Vlcw%3D%3D,Immigration and Climate Refugees | Who is Moving to USA? | 18FA Class #16 Full Lecture,https://www.youtube.com/@SOC119,SOC 119,1700,1.7K views,2019-05-17 05:18:13.453234+00:00,Streamed 7 years ago,Download FREE guide→ How to make hard conversations more…human: https://worldinconversation.psu.edu/our-book/ ...,2026-05-15 05:18:13.453234+00:00
https://www.youtube.com/watch?v=47qBPnd0shU&pp=ygUQY2xpbWF0ZSByZWZ1Z2Vlcw%3D%3D,Climate Refugees: Sundarbans Case Study,https://www.youtube.com/@niranjanbharadwaj7514,Niranjan Bharadwaj,111,111 views,2023-05-16 05:18:13.453666+00:00,3 years ago,The video talks about a case study of Climate Refugees in the Sundarbans. Credit from 3:03 to 3:57 ...,2026-05-15 05:18:13.453666+00:00
https://www.youtube.com/watch?v=WI7Y-qfg20w&pp=ygUQY2xpbWF0ZSByZWZ1Z2Vlcw%3D%3D,Migration in Literature: The topic of Climate Refugees in the context of Climate Fiction,https://www.youtube.com/@MahiviReadsandWrites,Mahivi Reads and Writes,47,47 views,2025-05-15 05:18:13.454297+00:00,1 year ago,"As I dive into this project of reading all the novels nominated for the Climate Fiction Prize, the relevance of the topic of migration ...",2026-05-15 05:18:13.454297+00:00
https://www.youtube.com/watch?v=ZEwvJXvVjoM&pp=ygUQY2xpbWF0ZSByZWZ1Z2Vlcw%3D%3D,Walkabout Puppets: Climate Refugees from Glass Half Full Theatre,https://www.youtube.com/@GlassHalfFullTheatre,Glass Half Full Theatre,164,164 views,2024-05-15 05:18:13.454720+00:00,2 years ago,"Climate Refugee Walkabout Puppets at the Green New Theater Symposium, Austin, Texas. www. GlassHalfFullTheatre.com.",2026-05-15 05:18:13.454720+00:00
https://www.youtube.com/watch?v=7af-e23J7bU&pp=ygUQY2xpbWF0ZSByZWZ1Z2Vlcw%3D%3D,Finland's first climate refugees,https://www.youtube.com/@diego.suomessa,Diego Suomessa,2100,2.1K views,2022-05-16 05:18:13.455270+00:00,4 years ago,"Many new subscribers have joined recently, thank you all :). In this video I talk a little bit about who I am before jumping to the ...",2026-05-15 05:18:13.455270+00:00
https://www.youtube.com/watch?v=rb1ttnvdOXg&pp=ygUQY2xpbWF0ZSByZWZ1Z2Vlcw%3D%3D,Obligation to Climate Refugees,https://www.youtube.com/@marissaali7731,Marissa Ali,25,25 views,2014-05-18 05:18:13.455693+00:00,12 years ago,"Clips from Michael Nash's "" Climate Refugees "" and Ciceroinfo's ""The History of Climate Change Negotiations in 83 Seconds""",2026-05-15 05:18:13.455693+00:00
https://www.youtube.com/watch?v=oozFRg-JXCQ&pp=ygUQY2xpbWF0ZSByZWZ1Z2Vlcw%3D%3D,Climate Refugees | a conversation with Nick Brandt | Photographer | ENCORE,https://www.youtube.com/@emergingworldproject,emerging world project,8,8 views,2024-05-15 05:18:13.456061+00:00,2 years ago,We are rebroadcasting one of our most listened to and enjoyed episodes... A conversation with Nick Brandt | photographer The ...,2026-05-15 05:18:13.456061+00:00
https://www.youtube.com/watch?v=_8dObrkubWI&pp=ygUQY2xpbWF0ZSByZWZ1Z2Vlcw%3D%3D,Climate Refugees | Human Migration in the Era of Climate Change,https://www.youtube.com/@loyolases,School of Environmental Sustainability at Loyola,946,946 views,2023-05-16 05:18:13.456454+00:00,Streamed 3 years ago,"CLIMATE CHANGE CONFERENCE March 16, 2023 @ 6:00 PM CDT (UTC -5) [ Countdown begins at 5:30 PM, live event starts at ...",2026-05-15 05:18:13.456454+00:00
https://www.youtube.com/watch?v=-r96VEkdNkA&pp=ygUQY2xpbWF0ZSByZWZ1Z2Vlcw%3D%3D,4ZZ3-Climate refugees,https://www.youtube.com/@megmcewen18,megmcewen18,38,38 views,2011-05-19 05:18:20.208213+00:00,15 years ago,Climate refugees .,2026-05-15 05:18:20.208213+00:00
https://www.youtube.com/watch?v=rmK1qsAFe4U&pp=ygUQY2xpbWF0ZSByZWZ1Z2Vlcw%3D%3D,CLIMATE REFUGEES,https://www.youtube.com/@nadiavingadessin7958,Nadia Vingadessin,125,125 views,2021-05-16 05:18:20.208749+00:00,5 years ago,,2026-05-15 05:18:20.208749+00:00
https://www.youtube.com/watch?v=O8ZgkJPjgk0&pp=ygUQY2xpbWF0ZSByZWZ1Z2Vlcw%3D%3D,The concept of “climate refugee” between acceptance and right-wing appropriation,https://www.youtube.com/@klimagegenrechts2320,Klima Gegen Rechts,88,88 views,2022-05-16 05:18:20.209630+00:00,4 years ago,"As a result of climate change, environmental disasters are increasing, vital resources such as water and fertile soil are becoming ...",2026-05-15 05:18:20.209630+00:00
https://www.youtube.com/watch?v=Q_5FrPiad8g&pp=ygUQY2xpbWF0ZSByZWZ1Z2Vlcw%3D%3D,"""Climate change knows no borders - Climate refugees must be granted asylum!""",https://www.youtube.com/@iwspace,International Women* Space,58,58 views,2024-05-15 05:18:20.210225+00:00,2 years ago,This speech was written by Rose and read by Anne at the demo: “Open doors – Open borders! Recognize climate crisis as reason ...,2026-05-15 05:18:20.210225+00:00
https://www.youtube.com/watch?v=XQ5Sbna5Mlk&pp=ygUQY2xpbWF0ZSByZWZ1Z2Vlcw%3D%3D,Climate Refugees | COP26 | United Nations Climate Change Conference | Refugees | GMA Talk,https://www.youtube.com/@HumanityRefugeeVoice,Humanity Refugee Voice,22,22 views,2022-05-16 05:18:20.210789+00:00,4 years ago,Please kindly subscribe to this YouTube Channel and stay tuned for weekly videos on everything Refugees around the world.,2026-05-15 05:18:20.210789+00:00
https://www.youtube.com/watch?v=YE8UOFi_niw&pp=ygUQY2xpbWF0ZSByZWZ1Z2Vlcw%3D%3D,Indigenous Climate Refugees: Struggles and Resistance: the Arctic National Wildlife Refuge - archive,https://www.youtube.com/@IndigenousMediaInstitute,Indigenous Media Insititute (IMI),43,43 views,2023-05-16 05:18:20.211294+00:00,3 years ago,American Indian Airwaves is an-volunteer collective and Native American public affairs radio program and podcast. American ...,2026-05-15 05:18:20.211294+00:00
https://www.youtube.com/watch?v=wx5XYIdKsTs&pp=ygUQY2xpbWF0ZSByZWZ1Z2Vlcw%3D%3D,Climate Refugees Middle East,https://www.youtube.com/@cristhianj.8746,Cristhian J.,31,31 views,2020-05-16 05:18:20.211916+00:00,6 years ago,,2026-05-15 05:18:20.211916+00:00
https://www.youtube.com/watch?v=k3mID-fHiac&pp=ygUQY2xpbWF0ZSByZWZ1Z2Vlcw%3D%3D,Susan   Climate Refugees,https://www.youtube.com/@journaloftheplagueyears,Journal of the Plague Years Magazine,2,2 views,2025-05-15 05:18:20.212530+00:00,1 year ago,,2026-05-15 05:18:20.212530+00:00
https://www.youtube.com/watch?v=aWrBBhSQVvg&pp=ygUQY2xpbWF0ZSByZWZ1Z2Vlcw%3D%3D,Could Climate Refugees Impact U.S. Cities? New refugees,https://www.youtube.com/@ProbeAll,Q EveryThing,0,No views,2025-12-16 05:18:20.213036+00:00,5 months ago,"A hurricane wipes out Honduras. Sea rise swallows Bangladesh. 12 million people march north—hungry, desperate, and ...",2026-05-15 05:18:20.213036+00:00
https://www.youtube.com/watch?v=YE4UcLMyY2A&pp=ygUQY2xpbWF0ZSByZWZ1Z2Vlcw%3D%3D,CLİMATE REFUGEES,https://www.youtube.com/@ATLAS-m3i,ATLAS,277,277 views,2021-05-16 05:18:20.213555+00:00,5 years ago,"When we think of the word refugees, more than a few images come to mind. Right now the Syrian refugee crisis is on the ...",2026-05-15 05:18:20.213555+00:00
